<?xml version="1.0" encoding="UTF-8"?>
<window>
    <defaultcontrol>50</defaultcontrol>
    <menucontrol>9000</menucontrol>
    <views>50,51,550,551</views>
    <onunload>ClearProperty(SideBladeOpen)</onunload>
    <include>UnloadsScripts</include>
    <controls>
        <include>CommonBackground</include>
        <include>ContentPanelBackgrounds</include>
        <control type="group">
            <include>Window_OpenClose_Animation</include>
            <!-- view id = 50 -->
            <include>CommonRootView</include>
            <!-- view id = 51 -->
            <include>FullWidthList</include>
            <!-- view id = 550 -->
            <include>AddonInfoListView1</include>
            <!-- view id = 551 -->
            <include>AddonInfoThumbView1</include>
        </control>
        <control type="group">
            <depth>DepthFooter</depth>
            <include>CommonPageCount</include>
            <include>CommonNowPlaying</include>
        </control>
        <include>FloorReturnButtons</include>
        <include>BehindDialogFadeOut</include>
        <include>ScrollOffsetLabel</include>
        <include content="CommonWindowHeader">
            <param name="Icon" value="icon_addons" />
            <param name="Label" value="$LOCALIZE[24001]" />
        </include>
        <control type="group">
            <visible>!Skin.HasSetting(KioskMode)</visible>
            <left>-375</left>
            <include>SideBladeLeft</include>
            <control type="grouplist" id="9000">
                <left>0</left>
                <top>165</top>
                <width>375</width>
                <height>900</height>
                <onfocus condition="String.IsEmpty(Window.Property(SideBladeOpen))">SetProperty(SideBladeOpen,True)</onfocus>
                <onleft>SetFocus($VAR[ActiveListId])</onleft>
                <onright>ClearProperty(SideBladeOpen)</onright>
                <onright>SetFocus($VAR[ActiveListId])</onright>
                <onup>9000</onup>
                <ondown>9000</ondown>
                <onback>ClearProperty(SideBladeOpen)</onback>
                <itemgap>0</itemgap>
                <control type="label" id="200">
                    <width>375</width>
                    <height>52</height>
                    <font>font12</font>
                    <label>31006</label>
                    <textcolor>$VAR[MainColorOne]</textcolor>
                    <align>center</align>
                    <aligny>center</aligny>
                </control>
                <control type="button" id="2">
                    <description>View As button</description>
                    <textwidth>352</textwidth>
                    <include>ButtonCommonValues</include>
					<onclick>Runscript(script.skinvariables,action=buildviews,contentid=$VAR[Items_ViewMode_Switch],pluginname=$INFO[Container.PluginName])</onclick>
                    <label></label>
                </control>
                <control type="button" id="3">
                    <description>Sort by button</description>
                    <include>ButtonCommonValues</include>
                    <label>103</label>
                </control>
                <control type="togglebutton" id="4">
                    <description>Sort asc</description>
                    <include>ButtonCommonValues</include>
                    <include>NormalButton</include>
                    <include>AltButton</include>
                    <alttexturenofocus></alttexturenofocus>
                    <label>31051</label>
                    <altlabel>31050</altlabel>
                    <usealttexture>Container.SortDirection(Ascending)</usealttexture>
                </control>
                <control type="label" id="201">
                    <width>375</width>
                    <height>52</height>
                    <font>font12</font>
                    <label>31026</label>
                    <textcolor>$VAR[MainColorOne]</textcolor>
                    <align>center</align>
                    <aligny>center</aligny>
                </control>
                <control type="radiobutton" id="7">
                    <description>Hide foreign</description>
                    <include>ButtonCommonValues</include>
                    <label>25001</label>
                </control>
                <control type="radiobutton" id="8">
                    <description>Hide broken</description>
                    <include>ButtonCommonValues</include>
                    <label>24999</label>
                </control>
                <control type="button" id="9">
                    <description>Check for updates</description>
                    <include>ButtonCommonValues</include>
                    <label>24034</label>
                </control>
                <control type="button" id="5">
                    <description>Settings shortcut</description>
                    <include>ButtonCommonValues</include>
                    <label>10004</label>
                </control>
                <include>CommonNowPlaying_Controls</include>
            </control>
            <control type="label">
                <description>Last updated label</description>
                <left>0</left>
                <top>975</top>
                <height>90</height>
                <width>360</width>
                <label>31301</label>
                <align>right</align>
                <aligny>top</aligny>
                <font>font13</font>
                <textcolor>selected</textcolor>
            </control>
            <control type="label">
                <description>Last updated value</description>
                <left>0</left>
                <top>1020</top>
                <height>38</height>
                <width>360</width>
                <label>$INFO[Window.Property(Updated)]</label>
                <font>font13_title</font>
                <textcolor>white</textcolor>
                <align>right</align>
                <aligny>center</aligny>
            </control>
        </control>
    </controls>
</window>
