<?xml version="1.0" encoding="utf-8"?>
<window type="dialog" id="5002">
	
	<defaultcontrol>450</defaultcontrol>
    <coordinates>
        <left>352</left>
        <top>112</top>
    </coordinates>
    <include>dialogeffect</include>
    <depth>DepthDialog+</depth>
    <controls>
        <control type="group">
            <animation effect="slide" start="0,0" end="0,69" time="0" condition="!Integer.IsGreater(Container(450).NumItems,4)">Conditional</animation>
            <animation effect="slide" start="0,0" end="0,69" time="0" condition="!Integer.IsGreater(Container(450).NumItems,6)">Conditional</animation>
            <control type="image">
                <description>background image</description>
                <left>0</left>
                <top>0</top>
                <width>1275</width>
                <height>890</height>
                <texture border="40">$VAR[SelectBack]</texture>
                <visible>Integer.IsGreater(Container(450).NumItems,4)</visible>
            </control>
            <control type="image">
                <description>background image</description>
                <left>0</left>
                <top>0</top>
                <width>1275</width>
                <height>411</height>
                <texture border="40">$VAR[SelectBack]</texture>
                <visible>!Integer.IsGreater(Container(450).NumItems,4)</visible>
            </control>
            <control type="image">
                <description>Dialog Header image</description>
                <left>60</left>
                <top>24</top>
                <width>1155</width>
                <height>60</height>
                <texture>$VAR[DialogPath]dialogheader.png</texture>
            </control>
            <control type="label" id="1">
                <description>header label</description>
                <left>60</left>
                <top>30</top>
                <width>1155</width>
                <height>45</height>
                <font>font13_title</font>
                <label>Xenon Build Settings</label>
                <align>center</align>
                <aligny>center</aligny>
                <textcolor>selected</textcolor>
                <shadowcolor>black</shadowcolor>
            </control>
            <control type="button">
                <description>Close Window button</description>
                <left>1100</left>
                <top>24</top>
                <onclick>PreviousMenu</onclick>
                <include>DialogCloseButton</include>
                <onleft>450</onleft>
                <onright>450</onright>
                <onup>450</onup>
                <ondown>450</ondown>
            </control>
            <control type="list" id="450">
                <left>30</left>
                <top>100</top>
                <width>825</width>
                <height>760</height>
                <onup>450</onup>
                <ondown>450</ondown>
                <onleft>7</onleft>
                <onright>61</onright>
                <pagecontrol>61</pagecontrol>
                <scrolltime>200</scrolltime>
                <itemlayout height="69" width="825">
                    <control type="image">
                        <left>0</left>
                        <top>0</top>
                        <width>825</width>
                        <height>60</height>
                        <texture border="5">button-nofocus.png</texture>
                    </control>
                    <control type="label">
                        <left>30</left>
                        <top>0</top>
                        <width>765</width>
                        <height>60</height>
                        <font>font13</font>
                        <textcolor>grey2</textcolor>
                        <selectedcolor>selected</selectedcolor>
                        <align>left</align>
                        <aligny>center</aligny>
                        <label>$INFO[ListItem.Label]</label>
                    </control>
                </itemlayout>
                <focusedlayout height="69" width="825">
                    <control type="image">
                        <left>0</left>
                        <top>0</top>
                        <width>825</width>
                        <height>60</height>
                        <texture border="5">button-nofocus.png</texture>
                        <visible>!Control.HasFocus(450)</visible>
                        <include>VisibleFadeEffect</include>
                    </control>
                    <control type="image">
                        <left>0</left>
                        <top>0</top>
                        <width>825</width>
                        <height>60</height>
                        <texture border="5" colordiffuse="$VAR[MainColorOne]">$VAR[SelectButton2]</texture>
                        <visible>Control.HasFocus(450)</visible>
                        <include>VisibleFadeEffect</include>
                    </control>
                    <control type="label">
                        <left>30</left>
                        <top>0</top>
                        <width>765</width>
                        <height>60</height>
                        <font>font13</font>
                        <textcolor>white</textcolor>
                        <selectedcolor>selected</selectedcolor>
                        <align>left</align>
                        <aligny>center</aligny>
                        <label>$INFO[ListItem.Label]</label>
                    </control>
                </focusedlayout>
                <content>			
				<item>
					<label>- [B]Xenon Skin Settings[/B]</label>
					<onclick>Dialog.Close(5002)</onclick>					
					<onclick>ActivateWindow(skinsettings)</onclick>
				</item>
				<item>
					<label>- [B]Kodi System Settings[/B]</label>
					<onclick>Dialog.Close(5002)</onclick>					
					<onclick>ActivateWindow(settings)</onclick>
				</item>
				<item>
					<label>- [B]Advanced Settings[/B]</label>
					<onclick>Dialog.Close(5002)</onclick>
					<onclick>PlayMedia("plugin://plugin.program.chef22/?url=&amp;mode=29&amp;name=%5BB%5D%5BCOLOR+snow%5DAdvanced+Settings+K21%5B%2FCOLOR%5D%5B%2FB%5D&amp;icon=C%3A%5CUsers%5Cjeddi%5CAppData%5CRoaming%5CKodi%5Caddons%5Cplugin.program.chef22%5Cresources%5Cicon.png&amp;fanart=C%3A%5CUsers%5Cjeddi%5CAppData%5CRoaming%5CKodi%5Caddons%5Cplugin.program.chef22%5Cresources%5Cfanart.jpg&amp;description=%5BB%5D%5BCOLOR+snow%5DA+list+of+presets+to+set+the+cache+size+based+on+your+device%27s+RAM+size.%5B%2FCOLOR%5D%5B%2FB%5D&amp;name2=&amp;version=&amp;kodi=")</onclick>
				</item>							
				<item>
					<label>- [B]Maintenance[/B]</label>
					<onclick>Dialog.Close(5002)</onclick>					
					<onclick>ActivateWindow(10001,"plugin://script.ezmaintenanceplus/?action=maintenance&amp;description&amp;fanart=C%3a%5cUsers%5cjeddi%5cAppData%5cRoaming%5cKodi%5caddons%5cscript.ezmaintenanceplus%5cfanart.jpg&amp;icon=C%3a%5cUsers%5cjeddi%5cAppData%5cRoaming%5cKodi%5caddons%5cscript.ezmaintenanceplus%5cicon.png&amp;name=%5bCOLOR%20white%5d%5bB%5dMAINTENANCE%5b%2fB%5d%5b%2fCOLOR%5d&amp;url=ur",return)</onclick>
				</item>	
				<item>
					<label>- [B]Internet Speedtest[/B]</label>
					<onclick>PlayMedia("plugin://plugin.program.chef22/?url=&amp;mode=28&amp;name=%5BB%5D%5BCOLOR+snow%5DSpeedtest%5B%2FCOLOR%5D%5B%2FB%5D&amp;icon=C%3A%5CUsers%5Cjeddi%5CAppData%5CRoaming%5CKodi%5Caddons%5Cplugin.program.chef22%5Cresources%5Cicon.png&amp;fanart=C%3A%5CUsers%5Cjeddi%5CAppData%5CRoaming%5CKodi%5Caddons%5Cplugin.program.chef22%5Cresources%5Cfanart.jpg&amp;description=%5BB%5D%5BCOLOR+snow%5DSpeedtest%5B%2FCOLOR%5D%5B%2FB%5D&amp;name2=&amp;version=&amp;kodi=")</onclick>
				</item>
				<item>
					<label>- [B]Backup/Restore Build[/B]</label>
					<onclick>Dialog.Close(5002)</onclick>
					<onclick>ActivateWindow(10001,&quot;plugin://plugin.program.chef22/?description=%5bB%5d%5bCOLOR%20snow%5dBackup%20and%20Restore%20Build%5b%2fCOLOR%5d%5b%2fB%5d&amp;fanart=C%3a%5cUsers%5cjeddi%5cAppData%5cRoaming%5cKodi%5caddons%5cplugin.program.chef22%5cresources%5cfanart.jpg&amp;icon=C%3a%5cUsers%5cjeddi%5cAppData%5cRoaming%5cKodi%5caddons%5cplugin.program.chef22%5cresources%5cicon.png&amp;mode=12&amp;name=%5bB%5d%5bCOLOR%20snow%5dBackup%2fRestore%20Build%5b%2fCOLOR%5d%5b%2fB%5d&amp;name2&amp;url&amp;version&quot;,return)</onclick>
				</item>
				<item>
					<label>- [B]Edit Whitelist[/B]</label>
					<onclick>Dialog.Close(5002)</onclick>
					<onclick>PlayMedia(&quot;plugin://plugin.program.chef22/?url=&amp;mode=11&amp;name=%5BB%5D%5BCOLOR+snow%5DEdit+Whitelist%5B%2FCOLOR%5D%5B%2FB%5D&amp;icon=C%3A%5CUsers%5Cjeddi%5CAppData%5CRoaming%5CKodi%5Caddons%5Cplugin.program.chef22%5Cresources%5Cicon.png&amp;fanart=C%3A%5CUsers%5Cjeddi%5CAppData%5CRoaming%5CKodi%5Caddons%5Cplugin.program.chef22%5Cresources%5Cfanart.jpg&amp;description=%5BB%5D%5BCOLOR+snow%5DEdit+Whitelist%5B%2FCOLOR%5D%5B%2FB%5D&amp;name2=&amp;version=&quot;)</onclick>
				</item>
				<item>
					<label>- [B]Restore Xenon Skin To Default Settings[/B]</label>
					<onclick>Dialog.Close(5002)</onclick>
					<onclick>RunPlugin(plugin://script.module.xenon4k/?mode=2)</onclick>
				</item>				
				<item>
					<label>- [B]Click Here For Available Fixes[/B]</label>
					<onclick>Dialog.Close(5002)</onclick>
					<onclick>ActivateWindow(10001,&quot;plugin://plugin.program.quickfix/?description=Install%20a%20build.&amp;fanart=C%3a%5cUsers%5cjeddi%5cAppData%5cRoaming%5cKodi%5caddons%5cplugin.program.quickfix%5cresources%5cfanart.jpg&amp;icon=C%3a%5cUsers%5cjeddi%5cAppData%5cRoaming%5cKodi%5caddons%5cplugin.program.quickfix%5cresources%5cicon.png&amp;mode=1&amp;name=Click%20Here%20For%20Available%20Fixes&amp;name2&amp;url&amp;version&quot;,return)</onclick>
				</item>
				<item>
					<label>- [B]Xenon Robot Intro- Click once to toggle ON/OFF[/B]</label>
					<onclick>skin.togglesetting(hidekodiintro)</onclick>
				</item>
				<item>
					<label>- [B]Choose a screensaver[/B]</label>
					<onclick>Dialog.Close(5002)</onclick>
					<onclick>ActivateWindow(interfacesettings,screensaver.mode)</onclick>
				</item>				
				<item>
					<label>- [B]Change Weather Icons[/B]</label>
					<onclick>Dialog.Close(5002)</onclick>
					<onclick>RunScript(script.image.resource.select,property=WeatherIcons&amp;type=resource.images.weathericons)</onclick>
				</item>
				<item>
					<label>- [B]Audio Settings[/B]</label>
					<onclick>Dialog.Close(5002)</onclick>
					<onclick>ActivateWindow(systemsettings,audio)</onclick>
				</item>	
				<item>
					<label>- [B]Turn Skin Debuging On/Off[/B]</label>
					<onclick>skin.toggledebug</onclick>
				</item>				
				<item>
					<label>- [B]Diggz Wiki Help Forum[/B]</label>
					<onclick>RunScript(&quot;script.diggzwiki&quot;)</onclick>
				</item>					
                </content>
            </control>
            <control type="scrollbar" id="61">
                <left>855</left>
                <top>98</top>
                <width>38</width>
                <height>696</height>
                <texturesliderbackground border="0,14,0,14">ScrollBarV.png</texturesliderbackground>
                <texturesliderbar border="0,14,0,14">ScrollBarV_bar.png</texturesliderbar>
                <texturesliderbarfocus border="0,14,0,14" colordiffuse="$VAR[MainColorOne]">ScrollBarV_bar_focus.png</texturesliderbarfocus>
                <textureslidernib colordiffuse="$VAR[MainColorOne]">ScrollBarNib.png</textureslidernib>
                <textureslidernibfocus colordiffuse="$VAR[MainColorOne]">ScrollBarNib.png</textureslidernibfocus>
                <onleft>450</onleft>
                <onright>90</onright>
                <ondown>61</ondown>
                <onup>61</onup>
                <showonepage>false</showonepage>
                <orientation>vertical</orientation>
                <visible>Control.IsVisible(450)</visible>
            </control>
            <control type="group">
                <control type="label">
                    <description>number of files/pages in list text label</description>
                    <left>888</left>
                    <top>735</top>
                    <width>360</width>
                    <height>52</height>
                    <font>font12</font>
                    <align>center</align>
                    <aligny>center</aligny>
                    <textcolor>grey</textcolor>
                    <label>([COLOR=$VAR[MainColorOne]]$INFO[Container(450).NumItems][/COLOR]) $LOCALIZE[31025] - $LOCALIZE[31024] ([COLOR=$VAR[MainColorOne]]$INFO[Container(450).CurrentPage]/$INFO[Container(450).NumPages][/COLOR])</label>
                    <animation effect="slide" start="0,0" end="0,-138" time="0" condition="!Integer.IsGreater(Container(450).NumItems,4)">Conditional</animation>
                    <animation effect="slide" start="0,0" end="0,-138" time="0" condition="!Integer.IsGreater(Container(450).NumItems,6)">Conditional</animation>
                    <animation effect="slide" start="0,0" end="0,-138" time="0" condition="!Integer.IsGreater(Container(450).NumItems,8)">Conditional</animation>
                </control>
                <control type="grouplist" id="90">
                    <left>918</left>
                    <top>150</top>
                    <onleft>450</onleft>
                    <onright>450</onright>
                    <control type="button" id="7">
                        <description>Cancel button</description>
                        <width>300</width>
                        <height>60</height>
                        <label>222</label>
                        <font>font12_title</font>
                        <textcolor>white</textcolor>
                        <focusedcolor>white</focusedcolor>
                        <align>center</align>
                        <onclick>PreviousMenu</onclick>
                    </control>
                </control>
            </control>
        </control>
    </controls>
</window>
