<?xml version="1.0" encoding="UTF-8"?>
<includes>
    <include name="VideoCodecFlaggingConditions">
        <control type="image">
            <description>Video rez Image</description>
            <width>82</width>
            <height>52</height>
            <aspectratio align="right">keep</aspectratio>
            <texture>$INFO[ListItem.VideoResolution,flagging/video/,.png]</texture>
        </control>
        <control type="image">
            <description>Codec Image</description>
            <width>120</width>
            <height>52</height>
            <aspectratio align="left">keep</aspectratio>
            <texture>$VAR[videocodec,flagging/video/,.png]</texture>
        </control>
    </include>
    <include name="SpecialFeaturesFlaggingConditions">
        <control type="image">
            <description>Extra Info Flag</description>
            <width>82</width>
            <height>52</height>
            <aspectratio align="left">keep</aspectratio>
            <texture>$VAR[SpecialFeaturesInfoFlag]</texture>
            <visible>Window.IsVisible(Videos) + [Container.Content(Movies) | Container.Content(Episodes) | Container.Content(MusicVideos)]</visible>
        </control>
    </include>
    <include name="VideoTypeHackFlaggingConditions">
        <control type="image">
            <description>Video Type Image</description>
            <width>120</width>
            <height>52</height>
            <aspectratio align="left">keep</aspectratio>
            <texture>$VAR[typehackflagging,flagging/video/,.png]</texture>
            <visible>!Skin.HasSetting(HideFilenameFlagging)</visible>
        </control>
    </include>
    <include name="VideoMPAAFlaggingConditions">
        <control type="image">
            <description>Rating image</description>
            <width>120</width>
            <height>52</height>
            <aspectratio>keep</aspectratio>
            <texture>$VAR[RatingMPAA,flagging/ratings/,.png]</texture>
            <visible>!String.IsEmpty(ListItem.Mpaa) + Skin.String(MPAACertificate)</visible>
        </control>
    </include>
    <include name="StudioIcon">
        <control type="image">
            <description>Studio image</description>
            <width>120</width>
            <height>52</height>
            <aspectratio>keep</aspectratio>
            <texture>$VAR[StudioIconVar]</texture>
        </control>
    </include>
    <include name="StudioText">
        <control type="label">
            <description>Studio Text</description>
			<top>-90</top>
            <width>250</width>
            <height>80</height>
            <font>font10_title</font>
            <textcolor>$VAR[MainColorOne]</textcolor>
            <shadowcolor>black</shadowcolor>
			<wrapmultiline>true</wrapmultiline>			
            <label>$INFO[ListItem.Studio]</label>
        </control>
    </include>	
    <include name="AudioCodecFlaggingConditions">
        <control type="image">
            <description>Audio Codec Image</description>
            <width>120</width>
            <height>52</height>
            <aspectratio align="right">keep</aspectratio>
            <texture>$VAR[audiocodec,flagging/audio/,.png]</texture>
        </control>
    </include>
    <include name="AudioChannelsFlaggingConditions">
        <control type="image">
            <description>Audio Codec Image</description>
            <width>82</width>
            <height>52</height>
            <aspectratio align="left">keep</aspectratio>
            <texture>$INFO[ListItem.AudioChannels,flagging/audio/,.png]</texture>
        </control>
    </include>
    <include name="AspectCodecFlaggingConditions">
        <control type="image">
            <description>Aspectratio Image</description>
            <width>82</width>
            <height>52</height>
            <aspectratio align="right">keep</aspectratio>
            <texture>$INFO[ListItem.VideoAspect,flagging/aspectratio/,.png]</texture>
        </control>
    </include>
</includes>
