<?xml version="1.0" encoding="utf-8"?>
<includes>

    <include name="WrapHomeMainMenu">
        <include condition="String.IsEmpty(Skin.String(MenuLAF))">HomeImagePre1</include>
        <include condition="!String.IsEmpty(Skin.String(MenuLAF))">HomeImagePre2</include>
        <control type="wraplist" id="9000">
			<onup>9090</onup>
            <include condition="String.IsEmpty(Skin.String(MenuLAF))">HomeMainMenuSys</include>
            <include condition="!String.IsEmpty(Skin.String(MenuLAF)) + !Skin.HasSetting(Use.SkinShortcuts)">HomeGraphMainMenuSys</include>
			<include condition="!String.IsEmpty(Skin.String(MenuLAF)) + Skin.HasSetting(Use.SkinShortcuts)" content="HomeGraphMainMenuSys">
			    <param name="menuitemicon">$INFO[ListItem.Icon]</param>
			</include>
            <include condition="!Skin.HasSetting(Use.SkinShortcuts)">HomeMainMenuContent</include>
			<include condition="Skin.HasSetting(Use.SkinShortcuts)">HomeMainMenuSkinShortcutsContent</include>
            <visible>Skin.HasSetting(WrapAroundHomeMenu)</visible>
			<onup>9090</onup>
        </control>
        <include condition="String.IsEmpty(Skin.String(MenuLAF))">HomeImagePost1</include>
        <include condition="!String.IsEmpty(Skin.String(MenuLAF))">HomeImagePost2</include>
    </include>
	
    <include name="FixedHomeMainMenu">
        <include condition="String.IsEmpty(Skin.String(MenuLAF))">HomeImagePre1</include>
        <include condition="!String.IsEmpty(Skin.String(MenuLAF))">HomeImagePre2</include>
        <control type="fixedlist" id="9000">
			<onup>9090</onup>
            <include condition="String.IsEmpty(Skin.String(MenuLAF))">HomeMainMenuSys</include>
            <include condition="!String.IsEmpty(Skin.String(MenuLAF)) + !Skin.HasSetting(Use.SkinShortcuts)">HomeGraphMainMenuSys</include>
			<include condition="!String.IsEmpty(Skin.String(MenuLAF)) + Skin.HasSetting(Use.SkinShortcuts)" content="HomeGraphMainMenuSys">
			    <param name="menuitemicon">$INFO[ListItem.Icon]</param>
			</include>
            <include condition="!Skin.HasSetting(Use.SkinShortcuts)">HomeMainMenuContent</include>
			<include condition="Skin.HasSetting(Use.SkinShortcuts)">HomeMainMenuSkinShortcutsContent</include>
            <visible>!Skin.HasSetting(WrapAroundHomeMenu)</visible>
			<onup>9090</onup>
        </control>
        <include condition="String.IsEmpty(Skin.String(MenuLAF))">HomeImagePost1</include>
        <include condition="!String.IsEmpty(Skin.String(MenuLAF))">HomeImagePost2</include>
    </include>
	
    <include name="HomeImagePre1">
        <control type="image">
            <left>-340</left>
            <top>0</top>
            <width>2600</width>
            <height>125</height>
            <texture border="0,6,0,6">HomeBack.png</texture>
            <include condition="!String.IsEmpty(Skin.String(HomeTrans))">HomeTransparentEffect</include>
        </control>
        <control type="image">
            <left>0</left>
            <top>17</top>
            <width>1920</width>
            <height>4</height>
            <texture>HomeOverlay1.png</texture>
            <include condition="!String.IsEmpty(Skin.String(HomeTrans))">HomeTransparentEffect</include>
        </control>
    </include>
	
    <include name="HomeImagePre2">
        <control type="image">
            <left>-150</left>
            <top>0</top>
            <width>2220</width>
            <height>158</height>
            <texture border="0,6,0,6">HomeBack.png</texture>
            <include condition="!String.IsEmpty(Skin.String(HomeTrans))">HomeTransparentEffect</include>
        </control>
        <control type="image">
            <left>0</left>
            <top>8</top>
            <width>1920</width>
            <height>9</height>
            <texture>HomeOverlay1.png</texture>
            <include condition="!String.IsEmpty(Skin.String(HomeTrans))">HomeTransparentEffect</include>
        </control>
    </include>
	
    <include name="HomeImagePost1">
        <control type="image">
            <left>-15</left>
            <top>9</top>
            <width>207</width>
            <height>94</height>
            <texture>SideFade.png</texture>
            <include condition="!String.IsEmpty(Skin.String(HomeTrans))">HomeTransparentEffect</include>
        </control>
        <control type="image">
            <left>192r</left>
            <top>9</top>
            <width>207</width>
            <height>94</height>
            <texture flipx="true">SideFade.png</texture>
            <include condition="!String.IsEmpty(Skin.String(HomeTrans))">HomeTransparentEffect</include>
        </control>
    </include>
	
    <include name="HomeImagePost2">
        <control type="image">
            <left>-15</left>
            <top>9</top>
            <width>207</width>
            <height>140</height>
            <texture>SideFade.png</texture>
            <include condition="!String.IsEmpty(Skin.String(HomeTrans))">HomeTransparentEffect</include>
        </control>
        <control type="image">
            <left>192r</left>
            <top>9</top>
            <width>207</width>
            <height>140</height>
            <texture flipx="true">SideFade.png</texture>
            <include condition="!String.IsEmpty(Skin.String(HomeTrans))">HomeTransparentEffect</include>
        </control>
    </include>
	
    <include name="HomeMainMenuSys">
        <left>-165</left>
        <top>8</top>
        <width>2250</width>
        <height>90</height>
        <onleft condition="!Skin.HasSetting(FixedEndingMenu)">9000</onleft>
        <onright condition="!Skin.HasSetting(FixedEndingMenu)">9000</onright>
		<onup>9090</onup>
        <ondown>9001</ondown>
        <scrolltime>300</scrolltime>
        <focusposition>2</focusposition>
        <movement>1</movement>
        <orientation>Horizontal</orientation>
        <itemlayout height="90" width="450">
            <control type="image">
                <left>0</left>
                <top>6</top>
                <width>1</width>
                <height>78</height>
                <texture>HomeSeperator.png</texture>
            </control>
            <control type="image">
                <left>448</left>
                <top>6</top>
                <width>1</width>
                <height>78</height>
                <texture>HomeSeperator.png</texture>
            </control>
            <control type="label">
                <left>8</left>
                <top>0</top>
                <width>435</width>
                <height>90</height>
                <font>font_MainMenu</font>
                <textcolor>grey3</textcolor>
                <align>center</align>
                <aligny>center</aligny>
                <scroll>true</scroll>
                <label>$INFO[ListItem.Label]</label>
				<visible>!Skin.HasSetting(MainMenuAllCaps)</visible>
            </control>
			<control type="label">
                <left>8</left>
                <top>7</top>
                <width>435</width>
                <height>90</height>
                <font>font_MainMenuUpper</font>
                <textcolor>grey3</textcolor>
                <align>center</align>
                <aligny>center</aligny>
                <scroll>true</scroll>
                <label>$INFO[ListItem.Label]</label>
				<visible>Skin.HasSetting(MainMenuAllCaps)</visible>
            </control>
        </itemlayout>
        <focusedlayout height="90" width="450">
            <control type="image">
                <left>0</left>
                <top>6</top>
                <width>1</width>
                <height>78</height>
                <texture>HomeSeperator.png</texture>
            </control>
            <control type="image">
                <left>448</left>
                <top>6</top>
                <width>1</width>
                <height>78</height>
                <texture>HomeSeperator.png</texture>
            </control>
            <control type="label">
                <left>8</left>
                <top>0</top>
                <width>435</width>
                <height>90</height>
                <font>font_MainMenu</font>
                <textcolor>grey3</textcolor>
                <align>center</align>
                <aligny>center</aligny>
                <scroll>true</scroll>
                <label>$INFO[ListItem.Label]</label>
                <visible>!Control.HasFocus(9000)</visible>
				<visible>!Skin.HasSetting(MainMenuAllCaps)</visible>
            </control>
            <control type="label">
                <left>8</left>
                <top>0</top>
                <width>435</width>
                <height>90</height>
                <font>font_MainMenu</font>
                <textcolor>$VAR[MainColorOne]</textcolor>
                <align>center</align>
                <aligny>center</aligny>
                <scroll>true</scroll>
                <label>$INFO[ListItem.Label]</label>
                <visible>Control.HasFocus(9000)</visible>
				<visible>!Skin.HasSetting(MainMenuAllCaps)</visible>
            </control>
			<control type="label">
                <left>8</left>
                <top>7</top>
                <width>435</width>
                <height>90</height>
                <font>font_MainMenuUpper</font>
                <textcolor>grey3</textcolor>
                <align>center</align>
                <aligny>center</aligny>
                <scroll>true</scroll>
                <label>$INFO[ListItem.Label]</label>
                <visible>!Control.HasFocus(9000)</visible>
				<visible>Skin.HasSetting(MainMenuAllCaps)</visible>
            </control>
            <control type="label">
                <left>8</left>
                <top>7</top>
                <width>435</width>
                <height>90</height>
                <font>font_MainMenuUpper</font>
                <textcolor>$VAR[MainColorOne]</textcolor>
                <align>center</align>
                <aligny>center</aligny>
                <scroll>true</scroll>
                <label>$INFO[ListItem.Label]</label>
                <visible>Control.HasFocus(9000)</visible>
				<visible>Skin.HasSetting(MainMenuAllCaps)</visible>
            </control>
        </focusedlayout>
    </include>
	
    <include name="HomeGraphMainMenuSys">
	    <param name="menuitemicon">$INFO[ListItem.Property(Icon)]</param>
		<definition>
            <left>-164</left>
            <top>8</top>
            <width>2247</width>
            <height>135</height>
            <onleft condition="!Skin.HasSetting(FixedEndingMenu)">9000</onleft>
            <onright condition="!Skin.HasSetting(FixedEndingMenu)">9000</onright>
			<onup>9090</onup>
            <ondown>9001</ondown>
            <scrolltime>300</scrolltime>
            <focusposition>3</focusposition>
            <movement>1</movement>
            <orientation>Horizontal</orientation>
            <itemlayout height="135" width="321">
                <control type="image">
                    <left>0</left>
                    <top>6</top>
                    <width>1</width>
                    <height>123</height>
                    <texture>HomeSeperator.png</texture>
                </control>
                <control type="image">
                    <left>320</left>
                    <top>6</top>
                    <width>1</width>
                    <height>123</height>
                    <texture>HomeSeperator.png</texture>
                </control>
                <control type="label">
                    <left>8</left>
                    <top>82</top>
                    <width>306</width>
                    <height>45</height>
                    <font>font30_title</font>
                    <textcolor>grey3</textcolor>
                    <align>center</align>
                    <aligny>center</aligny>
                    <scroll>true</scroll>
                    <label>$INFO[ListItem.Label]</label>
                    <visible>String.IsEqual(Skin.String(MenuLAF),GraphText)</visible>
                </control>
                <control type="image">
                    <left>8</left>
                    <top>0</top>
                    <width>306</width>
                    <height>90</height>
                    <aspectratio>keep</aspectratio>
                    <colordiffuse>33FFFFFF</colordiffuse>
                    <texture>$PARAM[menuitemicon]</texture>
                    <animation effect="slide" start="0,0" end="0,30" time="0" condition="!String.IsEqual(Skin.String(MenuLAF),GraphText)">Conditional</animation>
                    <animation effect="zoom" end="160" center="auto" time="0" delay="0" condition="!String.IsEqual(Skin.String(MenuLAF),GraphText)">Conditional</animation>
                </control>
            </itemlayout>
            <focusedlayout height="90" width="321">
                <control type="image">
                    <left>0</left>
                    <top>6</top>
                    <width>1</width>
                    <height>123</height>
                    <texture>HomeSeperator.png</texture>
                </control>
                <control type="image">
                    <left>320</left>
                    <top>6</top>
                    <width>1</width>
                    <height>123</height>
                    <texture>HomeSeperator.png</texture>
                </control>
                <control type="label">
                    <left>8</left>
                    <top>82</top>
                    <width>306</width>
                    <height>45</height>
                    <font>font30_title</font>
                    <textcolor>grey3</textcolor>
                    <align>center</align>
                    <aligny>center</aligny>
                    <label>$INFO[ListItem.Label]</label>
                    <scroll>true</scroll>
                    <visible>!Control.HasFocus(9000)</visible>
                    <visible>String.IsEqual(Skin.String(MenuLAF),GraphFocused) | String.IsEqual(Skin.String(MenuLAF),GraphText)</visible>
                </control>
                <control type="label">
                    <left>8</left>
                    <top>82</top>
                    <width>306</width>
                    <height>45</height>
                    <font>font30_title</font>
                    <textcolor>$VAR[MainColorOne]</textcolor>
                    <align>center</align>
                    <aligny>center</aligny>
                    <scroll>true</scroll>
                    <label>$INFO[ListItem.Label]</label>
                    <visible>Control.HasFocus(9000)</visible>
                    <visible>String.IsEqual(Skin.String(MenuLAF),GraphFocused) | String.IsEqual(Skin.String(MenuLAF),GraphText)</visible>
                </control>
                <control type="image">
                    <left>8</left>
                    <top>0</top>
                    <width>306</width>
                    <height>90</height>
                    <aspectratio>keep</aspectratio>
                    <colordiffuse>$VAR[MainColorOne]</colordiffuse>
                    <texture>$PARAM[menuitemicon]</texture>
                    <animation effect="slide" start="0,0" end="0,30" time="0" condition="String.IsEqual(Skin.String(MenuLAF),Graph)">Conditional</animation>
                    <animation effect="slide" start="0,30" end="0,0" time="100" condition="String.IsEqual(Skin.String(MenuLAF),GraphFocused)">Focus</animation>
                    <animation effect="zoom" end="160" center="auto" time="0" delay="0" condition="String.IsEqual(Skin.String(MenuLAF),Graph)">Conditional</animation>
                    <visible>Control.HasFocus(9000)</visible>
                </control>
                <control type="image">
                    <left>8</left>
                    <top>0</top>
                    <width>306</width>
                    <height>90</height>
                    <aspectratio>keep</aspectratio>
                    <colordiffuse>33FFFFFF</colordiffuse>
                    <texture>$PARAM[menuitemicon]</texture>
                    <animation effect="slide" start="0,0" end="0,30" time="0" condition="String.IsEqual(Skin.String(MenuLAF),Graph)">Conditional</animation>
                    <animation effect="zoom" end="160" center="auto" time="0" delay="0" condition="String.IsEqual(Skin.String(MenuLAF),Graph)">Conditional</animation>
                    <visible>!Control.HasFocus(9000)</visible>
                </control>
            </focusedlayout>
		</definition>	
    </include>
	
    <include name="HomeMainMenuContent">
        <content>
            <item id="1">
                <description>Home Menu Item One</description>
                <label>$INFO[Skin.String(HomeItem.1.Label)]</label>
                <onclick>SetProperty(MenuItemActive,ItemOne,Home)</onclick>
                <onclick>SetProperty(MenuItemSelected,$INFO[Skin.String(HomeItem.1.Type)],Home)</onclick>
                <onclick>SetProperty(MenuBackground,$INFO[Skin.String(HomeItem.1.Display)],Home)</onclick>
                <onclick>$INFO[Skin.String(HomeItem.1.Path)]</onclick>
				<onfocus>SetProperty(MenuItemActive,ItemOne,Home)</onfocus>
				<onfocus>SetProperty(WidgetSet,$INFO[Skin.String(HomeItem.1.Widget)],Home)</onfocus>
                
				<onfocus>SetProperty(MenuIndex,1,Home)</onfocus><icon>$VAR[SkinBackgroundPath]$INFO[Skin.CurrentTheme,,.jpg]</icon>
                <thumb>$INFO[Skin.String(HomeItem.1.Fanart)]</thumb>
                <property name="Icon">$INFO[Skin.String(HomeItem.1.Icon)]</property>
                <property name="SubMenu">$INFO[Skin.String(HomeItem.1.Sub)]</property>
                <property name="HiLiteItem">$INFO[Skin.String(HomeItem.1.Type)]</property>
                <property name="AddOnSet">$INFO[Skin.String(HomeItem.1.Addon)]</property>
                <property name="WidgetSet">$INFO[Skin.String(HomeItem.1.Widget)]</property>
                <property name="PlaylistType">$INFO[Skin.String(HomeItem.1.PlaylistType)]</property>
				<property name="PlaylistContent">$INFO[Skin.String(HomeItem.1.PlaylistContent)]</property>
                <property name="Background">$INFO[Skin.String(HomeItem.1.Display)]</property>
                <property name="WidgetFormat">$INFO[Skin.String(HomeItem.1.WidgetFormat)]</property>
				<property name="WidgetLayout">$INFO[Skin.String(HomeItem.1.WidgetLayout)]</property>
                <visible>!String.IsEmpty(Skin.String(HomeItem.1.Path))</visible>
                <visible>!String.IsEqual(Skin.String(HomeItem.1.Type),Radio) | [String.IsEqual(Skin.String(HomeItem.1.Type),Radio) + !Skin.HasSetting(DisablePVRinView)]</visible>
                <visible>!String.IsEqual(Skin.String(HomeItem.1.Type),LiveTV) | [String.IsEqual(Skin.String(HomeItem.1.Type),LiveTV) + !Skin.HasSetting(DisablePVRinView)]</visible>
                <visible>!String.IsEqual(Skin.String(HomeItem.1.Type),PlayDisc) | [String.IsEqual(Skin.String(HomeItem.1.Type),PlayDisc) + System.HasMediaDVD]</visible>
                <visible>!String.IsEqual(Skin.String(HomeItem.1.Type),Games) | [String.IsEqual(Skin.String(HomeItem.1.Type),Games) + System.GetBool(gamesgeneral.enable)]</visible>
                <visible>!Skin.HasSetting(HomeItem.1.Master) | [Skin.HasSetting(HomeItem.1.Master) + System.IsMaster]</visible>
            </item>
            <item id="2">
                <description>Home Menu Item Two</description>
                <label>$INFO[Skin.String(HomeItem.2.Label)]</label>
                <onclick>SetProperty(MenuItemActive,ItemTwo,Home)</onclick>
                <onclick>SetProperty(MenuItemSelected,$INFO[Skin.String(HomeItem.2.Type)],Home)</onclick>
                <onclick>SetProperty(MenuBackground,$INFO[Skin.String(HomeItem.2.Display)],Home)</onclick>
                <onclick>$INFO[Skin.String(HomeItem.2.Path)]</onclick>
				<onfocus>SetProperty(MenuItemActive,ItemTwo,Home)</onfocus>
				<onfocus>SetProperty(WidgetSet,$INFO[Skin.String(HomeItem.2.Widget)],Home)</onfocus>
                
				<onfocus>SetProperty(MenuIndex,2,Home)</onfocus><icon>$VAR[SkinBackgroundPath]$INFO[Skin.CurrentTheme,,.jpg]</icon>
                <thumb>$INFO[Skin.String(HomeItem.2.Fanart)]</thumb>
                <property name="Icon">$INFO[Skin.String(HomeItem.2.Icon)]</property>
                <property name="SubMenu">$INFO[Skin.String(HomeItem.2.Sub)]</property>
                <property name="HiLiteItem">$INFO[Skin.String(HomeItem.2.Type)]</property>
                <property name="AddOnSet">$INFO[Skin.String(HomeItem.2.Addon)]</property>
                <property name="WidgetSet">$INFO[Skin.String(HomeItem.2.Widget)]</property>
                <property name="PlaylistType">$INFO[Skin.String(HomeItem.2.PlaylistType)]</property>
				<property name="PlaylistContent">$INFO[Skin.String(HomeItem.2.PlaylistContent)]</property>
                <property name="Background">$INFO[Skin.String(HomeItem.2.Display)]</property>
                <property name="WidgetFormat">$INFO[Skin.String(HomeItem.2.WidgetFormat)]</property>
				<property name="WidgetLayout">$INFO[Skin.String(HomeItem.2.WidgetLayout)]</property>
                <visible>!String.IsEmpty(Skin.String(HomeItem.2.Path))</visible>
                <visible>!String.IsEqual(Skin.String(HomeItem.2.Type),Radio) | [String.IsEqual(Skin.String(HomeItem.2.Type),Radio) + !Skin.HasSetting(DisablePVRinView)]</visible>
                <visible>!String.IsEqual(Skin.String(HomeItem.2.Type),LiveTV) | [String.IsEqual(Skin.String(HomeItem.2.Type),LiveTV) + !Skin.HasSetting(DisablePVRinView)]</visible>
                <visible>!String.IsEqual(Skin.String(HomeItem.2.Type),PlayDisc) | [String.IsEqual(Skin.String(HomeItem.2.Type),PlayDisc) + System.HasMediaDVD]</visible>
                <visible>!String.IsEqual(Skin.String(HomeItem.2.Type),Games) | [String.IsEqual(Skin.String(HomeItem.2.Type),Games) + System.GetBool(gamesgeneral.enable)]</visible>
                <visible>!Skin.HasSetting(HomeItem.2.Master) | [Skin.HasSetting(HomeItem.2.Master) + System.IsMaster]</visible>
            </item>
            <item id="3">
                <description>Home Menu Item Three</description>
                <label>$INFO[Skin.String(HomeItem.3.Label)]</label>
                <onclick>SetProperty(MenuItemActive,ItemThree,Home)</onclick>
                <onclick>SetProperty(MenuItemSelected,$INFO[Skin.String(HomeItem.3.Type)],Home)</onclick>
                <onclick>SetProperty(MenuBackground,$INFO[Skin.String(HomeItem.3.Display)],Home)</onclick>
                <onclick>$INFO[Skin.String(HomeItem.3.Path)]</onclick>
				<onfocus>SetProperty(MenuItemActive,ItemThree,Home)</onfocus>
				<onfocus>SetProperty(WidgetSet,$INFO[Skin.String(HomeItem.3.Widget)],Home)</onfocus>
                
				<onfocus>SetProperty(MenuIndex,3,Home)</onfocus><icon>$VAR[SkinBackgroundPath]$INFO[Skin.CurrentTheme,,.jpg]</icon>
                <thumb>$INFO[Skin.String(HomeItem.3.Fanart)]</thumb>
                <property name="Icon">$INFO[Skin.String(HomeItem.3.Icon)]</property>
                <property name="SubMenu">$INFO[Skin.String(HomeItem.3.Sub)]</property>
                <property name="HiLiteItem">$INFO[Skin.String(HomeItem.3.Type)]</property>
                <property name="AddOnSet">$INFO[Skin.String(HomeItem.3.Addon)]</property>
                <property name="WidgetSet">$INFO[Skin.String(HomeItem.3.Widget)]</property>
                <property name="PlaylistType">$INFO[Skin.String(HomeItem.3.PlaylistType)]</property>
				<property name="PlaylistContent">$INFO[Skin.String(HomeItem.3.PlaylistContent)]</property>
                <property name="Background">$INFO[Skin.String(HomeItem.3.Display)]</property>
                <property name="WidgetFormat">$INFO[Skin.String(HomeItem.3.WidgetFormat)]</property>
				<property name="WidgetLayout">$INFO[Skin.String(HomeItem.3.WidgetLayout)]</property>
                <visible>!String.IsEmpty(Skin.String(HomeItem.3.Path))</visible>
                <visible>!String.IsEqual(Skin.String(HomeItem.3.Type),Radio) | [String.IsEqual(Skin.String(HomeItem.3.Type),Radio) + !Skin.HasSetting(DisablePVRinView)]</visible>
                <visible>!String.IsEqual(Skin.String(HomeItem.3.Type),LiveTV) | [String.IsEqual(Skin.String(HomeItem.3.Type),LiveTV) + !Skin.HasSetting(DisablePVRinView)]</visible>
                <visible>!String.IsEqual(Skin.String(HomeItem.3.Type),PlayDisc) | [String.IsEqual(Skin.String(HomeItem.3.Type),PlayDisc) + System.HasMediaDVD]</visible>
                <visible>!String.IsEqual(Skin.String(HomeItem.3.Type),Games) | [String.IsEqual(Skin.String(HomeItem.3.Type),Games) + System.GetBool(gamesgeneral.enable)]</visible>
                <visible>!Skin.HasSetting(HomeItem.3.Master) | [Skin.HasSetting(HomeItem.3.Master) + System.IsMaster]</visible>
            </item>
            <item id="4">
                <description>Home Menu Item Four</description>
                <label>$INFO[Skin.String(HomeItem.4.Label)]</label>
                <onclick>SetProperty(MenuItemActive,ItemFour,Home)</onclick>
                <onclick>SetProperty(MenuItemSelected,$INFO[Skin.String(HomeItem.4.Type)],Home)</onclick>
                <onclick>SetProperty(MenuBackground,$INFO[Skin.String(HomeItem.4.Display)],Home)</onclick>
                <onclick>$INFO[Skin.String(HomeItem.4.Path)]</onclick>
				<onfocus>SetProperty(MenuItemActive,ItemFour,Home)</onfocus>
				<onfocus>SetProperty(WidgetSet,$INFO[Skin.String(HomeItem.4.Widget)],Home)</onfocus>
                
				<onfocus>SetProperty(MenuIndex,4,Home)</onfocus><icon>$VAR[SkinBackgroundPath]$INFO[Skin.CurrentTheme,,.jpg]</icon>
                <thumb>$INFO[Skin.String(HomeItem.4.Fanart)]</thumb>
                <property name="Icon">$INFO[Skin.String(HomeItem.4.Icon)]</property>
                <property name="SubMenu">$INFO[Skin.String(HomeItem.4.Sub)]</property>
                <property name="HiLiteItem">$INFO[Skin.String(HomeItem.4.Type)]</property>
                <property name="AddOnSet">$INFO[Skin.String(HomeItem.4.Addon)]</property>
                <property name="WidgetSet">$INFO[Skin.String(HomeItem.4.Widget)]</property>
                <property name="PlaylistType">$INFO[Skin.String(HomeItem.4.PlaylistType)]</property>
				<property name="PlaylistContent">$INFO[Skin.String(HomeItem.4.PlaylistContent)]</property>
                <property name="Background">$INFO[Skin.String(HomeItem.4.Display)]</property>
                <property name="WidgetFormat">$INFO[Skin.String(HomeItem.4.WidgetFormat)]</property>
				<property name="WidgetLayout">$INFO[Skin.String(HomeItem.4.WidgetLayout)]</property>
                <visible>!String.IsEmpty(Skin.String(HomeItem.4.Path))</visible>
                <visible>!String.IsEqual(Skin.String(HomeItem.4.Type),Radio) | [String.IsEqual(Skin.String(HomeItem.4.Type),Radio) + !Skin.HasSetting(DisablePVRinView)]</visible>
                <visible>!String.IsEqual(Skin.String(HomeItem.4.Type),LiveTV) | [String.IsEqual(Skin.String(HomeItem.4.Type),LiveTV) + !Skin.HasSetting(DisablePVRinView)]</visible>
                <visible>!String.IsEqual(Skin.String(HomeItem.4.Type),PlayDisc) | [String.IsEqual(Skin.String(HomeItem.4.Type),PlayDisc) + System.HasMediaDVD]</visible>
                <visible>!String.IsEqual(Skin.String(HomeItem.4.Type),Games) | [String.IsEqual(Skin.String(HomeItem.4.Type),Games) + System.GetBool(gamesgeneral.enable)]</visible>
                <visible>!Skin.HasSetting(HomeItem.4.Master) | [Skin.HasSetting(HomeItem.4.Master) + System.IsMaster]</visible>
            </item>
            <item id="5">
                <description>Home Menu Item Five</description>
                <label>$INFO[Skin.String(HomeItem.5.Label)]</label>
                <onclick>SetProperty(MenuItemActive,ItemFive,Home)</onclick>
                <onclick>SetProperty(MenuItemSelected,$INFO[Skin.String(HomeItem.5.Type)],Home)</onclick>
                <onclick>SetProperty(MenuBackground,$INFO[Skin.String(HomeItem.5.Display)],Home)</onclick>
                <onclick>$INFO[Skin.String(HomeItem.5.Path)]</onclick>
				<onfocus>SetProperty(MenuItemActive,ItemFive,Home)</onfocus>
				<onfocus>SetProperty(WidgetSet,$INFO[Skin.String(HomeItem.5.Widget)],Home)</onfocus>
                
				<onfocus>SetProperty(MenuIndex,5,Home)</onfocus><icon>$VAR[SkinBackgroundPath]$INFO[Skin.CurrentTheme,,.jpg]</icon>
                <thumb>$INFO[Skin.String(HomeItem.5.Fanart)]</thumb>
                <property name="Icon">$INFO[Skin.String(HomeItem.5.Icon)]</property>
                <property name="SubMenu">$INFO[Skin.String(HomeItem.5.Sub)]</property>
                <property name="HiLiteItem">$INFO[Skin.String(HomeItem.5.Type)]</property>
                <property name="AddOnSet">$INFO[Skin.String(HomeItem.5.Addon)]</property>
                <property name="WidgetSet">$INFO[Skin.String(HomeItem.5.Widget)]</property>
                <property name="PlaylistType">$INFO[Skin.String(HomeItem.5.PlaylistType)]</property>
				<property name="PlaylistContent">$INFO[Skin.String(HomeItem.5.PlaylistContent)]</property>
                <property name="Background">$INFO[Skin.String(HomeItem.5.Display)]</property>
                <property name="WidgetFormat">$INFO[Skin.String(HomeItem.5.WidgetFormat)]</property>
				<property name="WidgetLayout">$INFO[Skin.String(HomeItem.5.WidgetLayout)]</property>
                <visible>!String.IsEmpty(Skin.String(HomeItem.5.Path))</visible>
                <visible>!String.IsEqual(Skin.String(HomeItem.5.Type),Radio) | [String.IsEqual(Skin.String(HomeItem.5.Type),Radio) + !Skin.HasSetting(DisablePVRinView)]</visible>
                <visible>!String.IsEqual(Skin.String(HomeItem.5.Type),LiveTV) | [String.IsEqual(Skin.String(HomeItem.5.Type),LiveTV) + !Skin.HasSetting(DisablePVRinView)]</visible>
                <visible>!String.IsEqual(Skin.String(HomeItem.5.Type),PlayDisc) | [String.IsEqual(Skin.String(HomeItem.5.Type),PlayDisc) + System.HasMediaDVD]</visible>
                <visible>!String.IsEqual(Skin.String(HomeItem.5.Type),Games) | [String.IsEqual(Skin.String(HomeItem.5.Type),Games) + System.GetBool(gamesgeneral.enable)]</visible>
                <visible>!Skin.HasSetting(HomeItem.5.Master) | [Skin.HasSetting(HomeItem.5.Master) + System.IsMaster]</visible>
            </item>
            <item id="6">
                <description>Home Menu Item Six</description>
                <label>$INFO[Skin.String(HomeItem.6.Label)]</label>
                <onclick>SetProperty(MenuItemActive,ItemSix,Home)</onclick>
                <onclick>SetProperty(MenuItemSelected,$INFO[Skin.String(HomeItem.6.Type)],Home)</onclick>
                <onclick>SetProperty(MenuBackground,$INFO[Skin.String(HomeItem.6.Display)],Home)</onclick>
                <onclick>$INFO[Skin.String(HomeItem.6.Path)]</onclick>
				<onfocus>SetProperty(MenuItemActive,ItemSix,Home)</onfocus>
				<onfocus>SetProperty(WidgetSet,$INFO[Skin.String(HomeItem.6.Widget)],Home)</onfocus>
                
				<onfocus>SetProperty(MenuIndex,6,Home)</onfocus><icon>$VAR[SkinBackgroundPath]$INFO[Skin.CurrentTheme,,.jpg]</icon>
                <thumb>$INFO[Skin.String(HomeItem.6.Fanart)]</thumb>
                <property name="Icon">$INFO[Skin.String(HomeItem.6.Icon)]</property>
                <property name="SubMenu">$INFO[Skin.String(HomeItem.6.Sub)]</property>
                <property name="HiLiteItem">$INFO[Skin.String(HomeItem.6.Type)]</property>
                <property name="AddOnSet">$INFO[Skin.String(HomeItem.6.Addon)]</property>
                <property name="WidgetSet">$INFO[Skin.String(HomeItem.6.Widget)]</property>
                <property name="PlaylistType">$INFO[Skin.String(HomeItem.6.PlaylistType)]</property>
				<property name="PlaylistContent">$INFO[Skin.String(HomeItem.6.PlaylistContent)]</property>
                <property name="Background">$INFO[Skin.String(HomeItem.6.Display)]</property>
                <property name="WidgetFormat">$INFO[Skin.String(HomeItem.6.WidgetFormat)]</property>
				<property name="WidgetLayout">$INFO[Skin.String(HomeItem.6.WidgetLayout)]</property>
                <visible>!String.IsEmpty(Skin.String(HomeItem.6.Path))</visible>
                <visible>!String.IsEqual(Skin.String(HomeItem.6.Type),Radio) | [String.IsEqual(Skin.String(HomeItem.6.Type),Radio) + !Skin.HasSetting(DisablePVRinView)]</visible>
                <visible>!String.IsEqual(Skin.String(HomeItem.6.Type),LiveTV) | [String.IsEqual(Skin.String(HomeItem.6.Type),LiveTV) + !Skin.HasSetting(DisablePVRinView)]</visible>
                <visible>!String.IsEqual(Skin.String(HomeItem.6.Type),PlayDisc) | [String.IsEqual(Skin.String(HomeItem.6.Type),PlayDisc) + System.HasMediaDVD]</visible>
                <visible>!String.IsEqual(Skin.String(HomeItem.6.Type),Games) | [String.IsEqual(Skin.String(HomeItem.6.Type),Games) + System.GetBool(gamesgeneral.enable)]</visible>
                <visible>!Skin.HasSetting(HomeItem.6.Master) | [Skin.HasSetting(HomeItem.6.Master) + System.IsMaster]</visible>
            </item>
            <item id="7">
                <description>Home Menu Item Seven</description>
                <label>$INFO[Skin.String(HomeItem.7.Label)]</label>
                <onclick>SetProperty(MenuItemActive,ItemSeven,Home)</onclick>
                <onclick>SetProperty(MenuItemSelected,$INFO[Skin.String(HomeItem.7.Type)],Home)</onclick>
                <onclick>SetProperty(MenuBackground,$INFO[Skin.String(HomeItem.7.Display)],Home)</onclick>
                <onclick>$INFO[Skin.String(HomeItem.7.Path)]</onclick>
				<onfocus>SetProperty(MenuItemActive,ItemSeven,Home)</onfocus>
				<onfocus>SetProperty(WidgetSet,$INFO[Skin.String(HomeItem.7.Widget)],Home)</onfocus>
                
				<onfocus>SetProperty(MenuIndex,7,Home)</onfocus><icon>$VAR[SkinBackgroundPath]$INFO[Skin.CurrentTheme,,.jpg]</icon>
                <thumb>$INFO[Skin.String(HomeItem.7.Fanart)]</thumb>
                <property name="Icon">$INFO[Skin.String(HomeItem.7.Icon)]</property>
                <property name="SubMenu">$INFO[Skin.String(HomeItem.7.Sub)]</property>
                <property name="HiLiteItem">$INFO[Skin.String(HomeItem.7.Type)]</property>
                <property name="AddOnSet">$INFO[Skin.String(HomeItem.7.Addon)]</property>
                <property name="WidgetSet">$INFO[Skin.String(HomeItem.7.Widget)]</property>
                <property name="PlaylistType">$INFO[Skin.String(HomeItem.7.PlaylistType)]</property>
				<property name="PlaylistContent">$INFO[Skin.String(HomeItem.7.PlaylistContent)]</property>
                <property name="Background">$INFO[Skin.String(HomeItem.7.Display)]</property>
                <property name="WidgetFormat">$INFO[Skin.String(HomeItem.7.WidgetFormat)]</property>
				<property name="WidgetLayout">$INFO[Skin.String(HomeItem.7.WidgetLayout)]</property>
                <visible>!String.IsEmpty(Skin.String(HomeItem.7.Path))</visible>
                <visible>!String.IsEqual(Skin.String(HomeItem.7.Type),Radio) | [String.IsEqual(Skin.String(HomeItem.7.Type),Radio) + !Skin.HasSetting(DisablePVRinView)]</visible>
                <visible>!String.IsEqual(Skin.String(HomeItem.7.Type),LiveTV) | [String.IsEqual(Skin.String(HomeItem.7.Type),LiveTV) + !Skin.HasSetting(DisablePVRinView)]</visible>
                <visible>!String.IsEqual(Skin.String(HomeItem.7.Type),PlayDisc) | [String.IsEqual(Skin.String(HomeItem.7.Type),PlayDisc) + System.HasMediaDVD]</visible>
                <visible>!String.IsEqual(Skin.String(HomeItem.7.Type),Games) | [String.IsEqual(Skin.String(HomeItem.7.Type),Games) + System.GetBool(gamesgeneral.enable)]</visible>
                <visible>!Skin.HasSetting(HomeItem.7.Master) | [Skin.HasSetting(HomeItem.7.Master) + System.IsMaster]</visible>
            </item>
            <item id="8">
                <description>Home Menu Item Eight</description>
                <label>$INFO[Skin.String(HomeItem.8.Label)]</label>
                <onclick>SetProperty(MenuItemActive,ItemEight,Home)</onclick>
                <onclick>SetProperty(MenuItemSelected,$INFO[Skin.String(HomeItem.8.Type)],Home)</onclick>
                <onclick>SetProperty(MenuBackground,$INFO[Skin.String(HomeItem.8.Display)],Home)</onclick>
                <onclick>$INFO[Skin.String(HomeItem.8.Path)]</onclick>
				<onfocus>SetProperty(MenuItemActive,ItemEight,Home)</onfocus>
				<onfocus>SetProperty(WidgetSet,$INFO[Skin.String(HomeItem.8.Widget)],Home)</onfocus>
                
				<onfocus>SetProperty(MenuIndex,8,Home)</onfocus><icon>$VAR[SkinBackgroundPath]$INFO[Skin.CurrentTheme,,.jpg]</icon>
                <thumb>$INFO[Skin.String(HomeItem.8.Fanart)]</thumb>
                <property name="Icon">$INFO[Skin.String(HomeItem.8.Icon)]</property>
                <property name="SubMenu">$INFO[Skin.String(HomeItem.8.Sub)]</property>
                <property name="HiLiteItem">$INFO[Skin.String(HomeItem.8.Type)]</property>
                <property name="AddOnSet">$INFO[Skin.String(HomeItem.8.Addon)]</property>
                <property name="WidgetSet">$INFO[Skin.String(HomeItem.8.Widget)]</property>
                <property name="PlaylistType">$INFO[Skin.String(HomeItem.8.PlaylistType)]</property>
				<property name="PlaylistContent">$INFO[Skin.String(HomeItem.8.PlaylistContent)]</property>
                <property name="Background">$INFO[Skin.String(HomeItem.8.Display)]</property>
                <property name="WidgetFormat">$INFO[Skin.String(HomeItem.8.WidgetFormat)]</property>
				<property name="WidgetLayout">$INFO[Skin.String(HomeItem.8.WidgetLayout)]</property>
                <visible>!String.IsEmpty(Skin.String(HomeItem.8.Path))</visible>
                <visible>!String.IsEqual(Skin.String(HomeItem.8.Type),Radio) | [String.IsEqual(Skin.String(HomeItem.8.Type),Radio) + !Skin.HasSetting(DisablePVRinView)]</visible>
                <visible>!String.IsEqual(Skin.String(HomeItem.8.Type),LiveTV) | [String.IsEqual(Skin.String(HomeItem.8.Type),LiveTV) + !Skin.HasSetting(DisablePVRinView)]</visible>
                <visible>!String.IsEqual(Skin.String(HomeItem.8.Type),PlayDisc) | [String.IsEqual(Skin.String(HomeItem.8.Type),PlayDisc) + System.HasMediaDVD]</visible>
                <visible>!String.IsEqual(Skin.String(HomeItem.8.Type),Games) | [String.IsEqual(Skin.String(HomeItem.8.Type),Games) + System.GetBool(gamesgeneral.enable)]</visible>
                <visible>!Skin.HasSetting(HomeItem.8.Master) | [Skin.HasSetting(HomeItem.8.Master) + System.IsMaster]</visible>
            </item>
            <item id="9">
                <description>Home Menu Item Nine</description>
                <label>$INFO[Skin.String(HomeItem.9.Label)]</label>
                <onclick>SetProperty(MenuItemActive,ItemNine,Home)</onclick>
                <onclick>SetProperty(MenuItemSelected,$INFO[Skin.String(HomeItem.9.Type)],Home)</onclick>
                <onclick>SetProperty(MenuBackground,$INFO[Skin.String(HomeItem.9.Display)],Home)</onclick>
                <onclick>$INFO[Skin.String(HomeItem.9.Path)]</onclick>
				<onfocus>SetProperty(MenuItemActive,ItemNine,Home)</onfocus>
				<onfocus>SetProperty(WidgetSet,$INFO[Skin.String(HomeItem.9.Widget)],Home)</onfocus>
                
				<onfocus>SetProperty(MenuIndex,9,Home)</onfocus><icon>$VAR[SkinBackgroundPath]$INFO[Skin.CurrentTheme,,.jpg]</icon>
                <thumb>$INFO[Skin.String(HomeItem.9.Fanart)]</thumb>
                <property name="Icon">$INFO[Skin.String(HomeItem.9.Icon)]</property>
                <property name="SubMenu">$INFO[Skin.String(HomeItem.9.Sub)]</property>
                <property name="HiLiteItem">$INFO[Skin.String(HomeItem.9.Type)]</property>
                <property name="AddOnSet">$INFO[Skin.String(HomeItem.9.Addon)]</property>
                <property name="WidgetSet">$INFO[Skin.String(HomeItem.9.Widget)]</property>
                <property name="PlaylistType">$INFO[Skin.String(HomeItem.9.PlaylistType)]</property>
				<property name="PlaylistContent">$INFO[Skin.String(HomeItem.9.PlaylistContent)]</property>
                <property name="Background">$INFO[Skin.String(HomeItem.9.Display)]</property>
                <property name="WidgetFormat">$INFO[Skin.String(HomeItem.9.WidgetFormat)]</property>
				<property name="WidgetLayout">$INFO[Skin.String(HomeItem.9.WidgetLayout)]</property>
                <visible>!String.IsEmpty(Skin.String(HomeItem.9.Path))</visible>
                <visible>!String.IsEqual(Skin.String(HomeItem.9.Type),Radio) | [String.IsEqual(Skin.String(HomeItem.9.Type),Radio) + !Skin.HasSetting(DisablePVRinView)]</visible>
                <visible>!String.IsEqual(Skin.String(HomeItem.9.Type),LiveTV) | [String.IsEqual(Skin.String(HomeItem.9.Type),LiveTV) + !Skin.HasSetting(DisablePVRinView)]</visible>
                <visible>!String.IsEqual(Skin.String(HomeItem.9.Type),PlayDisc) | [String.IsEqual(Skin.String(HomeItem.9.Type),PlayDisc) + System.HasMediaDVD]</visible>
                <visible>!String.IsEqual(Skin.String(HomeItem.9.Type),Games) | [String.IsEqual(Skin.String(HomeItem.9.Type),Games) + System.GetBool(gamesgeneral.enable)]</visible>
                <visible>!Skin.HasSetting(HomeItem.9.Master) | [Skin.HasSetting(HomeItem.9.Master) + System.IsMaster]</visible>
            </item>
            <item id="10">
                <description>Home Menu Item Ten</description>
                <label>$INFO[Skin.String(HomeItem.10.Label)]</label>
                <onclick>SetProperty(MenuItemActive,ItemTen,Home)</onclick>
                <onclick>SetProperty(MenuItemSelected,$INFO[Skin.String(HomeItem.10.Type)],Home)</onclick>
                <onclick>SetProperty(MenuBackground,$INFO[Skin.String(HomeItem.10.Display)],Home)</onclick>
                <onclick>$INFO[Skin.String(HomeItem.10.Path)]</onclick>
				<onfocus>SetProperty(MenuItemActive,ItemTen,Home)</onfocus>
				<onfocus>SetProperty(WidgetSet,$INFO[Skin.String(HomeItem.10.Widget)],Home)</onfocus>
                
				<onfocus>SetProperty(MenuIndex,10,Home)</onfocus><icon>$VAR[SkinBackgroundPath]$INFO[Skin.CurrentTheme,,.jpg]</icon>
                <thumb>$INFO[Skin.String(HomeItem.10.Fanart)]</thumb>
                <property name="Icon">$INFO[Skin.String(HomeItem.10.Icon)]</property>
                <property name="SubMenu">$INFO[Skin.String(HomeItem.10.Sub)]</property>
                <property name="HiLiteItem">$INFO[Skin.String(HomeItem.10.Type)]</property>
                <property name="AddOnSet">$INFO[Skin.String(HomeItem.10.Addon)]</property>
                <property name="WidgetSet">$INFO[Skin.String(HomeItem.10.Widget)]</property>
                <property name="PlaylistType">$INFO[Skin.String(HomeItem.10.PlaylistType)]</property>
				<property name="PlaylistContent">$INFO[Skin.String(HomeItem.10.PlaylistContent)]</property>
                <property name="Background">$INFO[Skin.String(HomeItem.10.Display)]</property>
                <property name="WidgetFormat">$INFO[Skin.String(HomeItem.10.WidgetFormat)]</property>
				<property name="WidgetLayout">$INFO[Skin.String(HomeItem.10.WidgetLayout)]</property>
                <visible>!String.IsEmpty(Skin.String(HomeItem.10.Path))</visible>
                <visible>!String.IsEqual(Skin.String(HomeItem.10.Type),Radio) | [String.IsEqual(Skin.String(HomeItem.10.Type),Radio) + !Skin.HasSetting(DisablePVRinView)]</visible>
                <visible>!String.IsEqual(Skin.String(HomeItem.10.Type),LiveTV) | [String.IsEqual(Skin.String(HomeItem.10.Type),LiveTV) + !Skin.HasSetting(DisablePVRinView)]</visible>
                <visible>!String.IsEqual(Skin.String(HomeItem.10.Type),PlayDisc) | [String.IsEqual(Skin.String(HomeItem.10.Type),PlayDisc) + System.HasMediaDVD]</visible>
                <visible>!String.IsEqual(Skin.String(HomeItem.10.Type),Games) | [String.IsEqual(Skin.String(HomeItem.10.Type),Games) + System.GetBool(gamesgeneral.enable)]</visible>
                <visible>!Skin.HasSetting(HomeItem.10.Master) | [Skin.HasSetting(HomeItem.10.Master) + System.IsMaster]</visible>
            </item>
            <item id="11">
                <description>Home Menu Item Eleven</description>
                <label>$INFO[Skin.String(HomeItem.11.Label)]</label>
                <onclick>SetProperty(MenuItemActive,ItemEleven,Home)</onclick>
                <onclick>SetProperty(MenuItemSelected,$INFO[Skin.String(HomeItem.11.Type)],Home)</onclick>
                <onclick>SetProperty(MenuBackground,$INFO[Skin.String(HomeItem.11.Display)],Home)</onclick>
                <onclick>$INFO[Skin.String(HomeItem.11.Path)]</onclick>
				<onfocus>SetProperty(MenuItemActive,ItemEleven,Home)</onfocus>
				<onfocus>SetProperty(WidgetSet,$INFO[Skin.String(HomeItem.11.Widget)],Home)</onfocus>
                
				<onfocus>SetProperty(MenuIndex,11,Home)</onfocus><icon>$VAR[SkinBackgroundPath]$INFO[Skin.CurrentTheme,,.jpg]</icon>
                <thumb>$INFO[Skin.String(HomeItem.11.Fanart)]</thumb>
                <property name="Icon">$INFO[Skin.String(HomeItem.11.Icon)]</property>
                <property name="SubMenu">$INFO[Skin.String(HomeItem.11.Sub)]</property>
                <property name="HiLiteItem">$INFO[Skin.String(HomeItem.11.Type)]</property>
                <property name="AddOnSet">$INFO[Skin.String(HomeItem.11.Addon)]</property>
                <property name="WidgetSet">$INFO[Skin.String(HomeItem.11.Widget)]</property>
                <property name="PlaylistType">$INFO[Skin.String(HomeItem.11.PlaylistType)]</property>
				<property name="PlaylistContent">$INFO[Skin.String(HomeItem.11.PlaylistContent)]</property>
                <property name="Background">$INFO[Skin.String(HomeItem.11.Display)]</property>
                <property name="WidgetFormat">$INFO[Skin.String(HomeItem.11.WidgetFormat)]</property>
				<property name="WidgetLayout">$INFO[Skin.String(HomeItem.11.WidgetLayout)]</property>
                <visible>!String.IsEmpty(Skin.String(HomeItem.11.Path))</visible>
                <visible>!String.IsEqual(Skin.String(HomeItem.11.Type),Radio) | [String.IsEqual(Skin.String(HomeItem.11.Type),Radio) + !Skin.HasSetting(DisablePVRinView)]</visible>
                <visible>!String.IsEqual(Skin.String(HomeItem.11.Type),LiveTV) | [String.IsEqual(Skin.String(HomeItem.11.Type),LiveTV) + !Skin.HasSetting(DisablePVRinView)]</visible>
                <visible>!String.IsEqual(Skin.String(HomeItem.11.Type),PlayDisc) | [String.IsEqual(Skin.String(HomeItem.11.Type),PlayDisc) + System.HasMediaDVD]</visible>
                <visible>!String.IsEqual(Skin.String(HomeItem.11.Type),Games) | [String.IsEqual(Skin.String(HomeItem.11.Type),Games) + System.GetBool(gamesgeneral.enable)]</visible>
                <visible>!Skin.HasSetting(HomeItem.11.Master) | [Skin.HasSetting(HomeItem.11.Master) + System.IsMaster]</visible>
            </item>
            <item id="12">
                <description>Home Menu Item Twelve</description>
                <label>$INFO[Skin.String(HomeItem.12.Label)]</label>
                <onclick>SetProperty(MenuItemActive,ItemTwelve,Home)</onclick>
                <onclick>SetProperty(MenuItemSelected,$INFO[Skin.String(HomeItem.12.Type)],Home)</onclick>
                <onclick>SetProperty(MenuBackground,$INFO[Skin.String(HomeItem.12.Display)],Home)</onclick>
                <onclick>$INFO[Skin.String(HomeItem.12.Path)]</onclick>
				<onfocus>SetProperty(MenuItemActive,ItemTwelve,Home)</onfocus>
				<onfocus>SetProperty(WidgetSet,$INFO[Skin.String(HomeItem.12.Widget)],Home)</onfocus>
                
				<onfocus>SetProperty(MenuIndex,12,Home)</onfocus><icon>$VAR[SkinBackgroundPath]$INFO[Skin.CurrentTheme,,.jpg]</icon>
                <thumb>$INFO[Skin.String(HomeItem.12.Fanart)]</thumb>
                <property name="Icon">$INFO[Skin.String(HomeItem.12.Icon)]</property>
                <property name="SubMenu">$INFO[Skin.String(HomeItem.12.Sub)]</property>
                <property name="HiLiteItem">$INFO[Skin.String(HomeItem.12.Type)]</property>
                <property name="AddOnSet">$INFO[Skin.String(HomeItem.12.Addon)]</property>
                <property name="WidgetSet">$INFO[Skin.String(HomeItem.12.Widget)]</property>
                <property name="PlaylistType">$INFO[Skin.String(HomeItem.12.PlaylistType)]</property>
				<property name="PlaylistContent">$INFO[Skin.String(HomeItem.12.PlaylistContent)]</property>
                <property name="Background">$INFO[Skin.String(HomeItem.12.Display)]</property>
                <property name="WidgetFormat">$INFO[Skin.String(HomeItem.12.WidgetFormat)]</property>
				<property name="WidgetLayout">$INFO[Skin.String(HomeItem.12.WidgetLayout)]</property>
                <visible>!String.IsEmpty(Skin.String(HomeItem.12.Path))</visible>
                <visible>!String.IsEqual(Skin.String(HomeItem.12.Type),Radio) | [String.IsEqual(Skin.String(HomeItem.12.Type),Radio) + !Skin.HasSetting(DisablePVRinView)]</visible>
                <visible>!String.IsEqual(Skin.String(HomeItem.12.Type),LiveTV) | [String.IsEqual(Skin.String(HomeItem.12.Type),LiveTV) + !Skin.HasSetting(DisablePVRinView)]</visible>
                <visible>!String.IsEqual(Skin.String(HomeItem.12.Type),PlayDisc) | [String.IsEqual(Skin.String(HomeItem.12.Type),PlayDisc) + System.HasMediaDVD]</visible>
                <visible>!String.IsEqual(Skin.String(HomeItem.12.Type),Games) | [String.IsEqual(Skin.String(HomeItem.12.Type),Games) + System.GetBool(gamesgeneral.enable)]</visible>
                <visible>!Skin.HasSetting(HomeItem.12.Master) | [Skin.HasSetting(HomeItem.12.Master) + System.IsMaster]</visible>
            </item>
            <item id="13">
                <description>Home Menu Item Thirteen</description>
                <label>$INFO[Skin.String(HomeItem.13.Label)]</label>
                <onclick>SetProperty(MenuItemActive,ItemThirteen,Home)</onclick>
                <onclick>SetProperty(MenuItemSelected,$INFO[Skin.String(HomeItem.13.Type)],Home)</onclick>
                <onclick>SetProperty(MenuBackground,$INFO[Skin.String(HomeItem.13.Display)],Home)</onclick>
                <onclick>$INFO[Skin.String(HomeItem.13.Path)]</onclick>
				<onfocus>SetProperty(MenuItemActive,ItemThirteen,Home)</onfocus>
				<onfocus>SetProperty(WidgetSet,$INFO[Skin.String(HomeItem.13.Widget)],Home)</onfocus>
                
				<onfocus>SetProperty(MenuIndex,13,Home)</onfocus><icon>$VAR[SkinBackgroundPath]$INFO[Skin.CurrentTheme,,.jpg]</icon>
                <thumb>$INFO[Skin.String(HomeItem.13.Fanart)]</thumb>
                <property name="Icon">$INFO[Skin.String(HomeItem.13.Icon)]</property>
                <property name="SubMenu">$INFO[Skin.String(HomeItem.13.Sub)]</property>
                <property name="HiLiteItem">$INFO[Skin.String(HomeItem.13.Type)]</property>
                <property name="AddOnSet">$INFO[Skin.String(HomeItem.13.Addon)]</property>
                <property name="WidgetSet">$INFO[Skin.String(HomeItem.13.Widget)]</property>
                <property name="PlaylistType">$INFO[Skin.String(HomeItem.13.PlaylistType)]</property>
				<property name="PlaylistContent">$INFO[Skin.String(HomeItem.13.PlaylistContent)]</property>
                <property name="Background">$INFO[Skin.String(HomeItem.13.Display)]</property>
                <property name="WidgetFormat">$INFO[Skin.String(HomeItem.13.WidgetFormat)]</property>
				<property name="WidgetLayout">$INFO[Skin.String(HomeItem.13.WidgetLayout)]</property>
                <visible>!String.IsEmpty(Skin.String(HomeItem.13.Path))</visible>
                <visible>!String.IsEqual(Skin.String(HomeItem.13.Type),Radio) | [String.IsEqual(Skin.String(HomeItem.13.Type),Radio) + !Skin.HasSetting(DisablePVRinView)]</visible>
                <visible>!String.IsEqual(Skin.String(HomeItem.13.Type),LiveTV) | [String.IsEqual(Skin.String(HomeItem.13.Type),LiveTV) + !Skin.HasSetting(DisablePVRinView)]</visible>
                <visible>!String.IsEqual(Skin.String(HomeItem.13.Type),PlayDisc) | [String.IsEqual(Skin.String(HomeItem.13.Type),PlayDisc) + System.HasMediaDVD]</visible>
                <visible>!String.IsEqual(Skin.String(HomeItem.13.Type),Games) | [String.IsEqual(Skin.String(HomeItem.13.Type),Games) + System.GetBool(gamesgeneral.enable)]</visible>
                <visible>!Skin.HasSetting(HomeItem.13.Master) | [Skin.HasSetting(HomeItem.13.Master) + System.IsMaster]</visible>
            </item>
            <item id="14">
                <description>Home Menu Item Fourteen</description>
                <label>$INFO[Skin.String(HomeItem.14.Label)]</label>
                <onclick>SetProperty(MenuItemActive,ItemFourteen,Home)</onclick>
                <onclick>SetProperty(MenuItemSelected,$INFO[Skin.String(HomeItem.14.Type)],Home)</onclick>
                <onclick>SetProperty(MenuBackground,$INFO[Skin.String(HomeItem.14.Display)],Home)</onclick>
                <onclick>$INFO[Skin.String(HomeItem.14.Path)]</onclick>
				<onfocus>SetProperty(MenuItemActive,ItemFourteen,Home)</onfocus>
				<onfocus>SetProperty(WidgetSet,$INFO[Skin.String(HomeItem.14.Widget)],Home)</onfocus>
                
				<onfocus>SetProperty(MenuIndex,14,Home)</onfocus><icon>$VAR[SkinBackgroundPath]$INFO[Skin.CurrentTheme,,.jpg]</icon>
                <thumb>$INFO[Skin.String(HomeItem.14.Fanart)]</thumb>
                <property name="Icon">$INFO[Skin.String(HomeItem.14.Icon)]</property>
                <property name="SubMenu">$INFO[Skin.String(HomeItem.14.Sub)]</property>
                <property name="HiLiteItem">$INFO[Skin.String(HomeItem.14.Type)]</property>
                <property name="AddOnSet">$INFO[Skin.String(HomeItem.14.Addon)]</property>
                <property name="WidgetSet">$INFO[Skin.String(HomeItem.14.Widget)]</property>
                <property name="PlaylistType">$INFO[Skin.String(HomeItem.14.PlaylistType)]</property>
				<property name="PlaylistContent">$INFO[Skin.String(HomeItem.14.PlaylistContent)]</property>
                <property name="Background">$INFO[Skin.String(HomeItem.14.Display)]</property>
                <property name="WidgetFormat">$INFO[Skin.String(HomeItem.14.WidgetFormat)]</property>
				<property name="WidgetLayout">$INFO[Skin.String(HomeItem.14.WidgetLayout)]</property>
                <visible>!String.IsEmpty(Skin.String(HomeItem.14.Path))</visible>
                <visible>!String.IsEqual(Skin.String(HomeItem.14.Type),Radio) | [String.IsEqual(Skin.String(HomeItem.14.Type),Radio) + !Skin.HasSetting(DisablePVRinView)]</visible>
                <visible>!String.IsEqual(Skin.String(HomeItem.14.Type),LiveTV) | [String.IsEqual(Skin.String(HomeItem.14.Type),LiveTV) + !Skin.HasSetting(DisablePVRinView)]</visible>
                <visible>!String.IsEqual(Skin.String(HomeItem.14.Type),PlayDisc) | [String.IsEqual(Skin.String(HomeItem.14.Type),PlayDisc) + System.HasMediaDVD]</visible>
                <visible>!String.IsEqual(Skin.String(HomeItem.14.Type),Games) | [String.IsEqual(Skin.String(HomeItem.14.Type),Games) + System.GetBool(gamesgeneral.enable)]</visible>
                <visible>!Skin.HasSetting(HomeItem.14.Master) | [Skin.HasSetting(HomeItem.14.Master) + System.IsMaster]</visible>
            </item>
            <item id="15">
                <description>Home Menu Item Fifteen</description>
                <label>$INFO[Skin.String(HomeItem.15.Label)]</label>
                <onclick>SetProperty(MenuItemActive,ItemFifteen,Home)</onclick>
                <onclick>SetProperty(MenuItemSelected,$INFO[Skin.String(HomeItem.15.Type)],Home)</onclick>
                <onclick>SetProperty(MenuBackground,$INFO[Skin.String(HomeItem.15.Display)],Home)</onclick>
                <onclick>$INFO[Skin.String(HomeItem.15.Path)]</onclick>
				<onfocus>SetProperty(MenuItemActive,ItemFifteen,Home)</onfocus>
				<onfocus>SetProperty(WidgetSet,$INFO[Skin.String(HomeItem.15.Widget)],Home)</onfocus>
                
				<onfocus>SetProperty(MenuIndex,15,Home)</onfocus><icon>$VAR[SkinBackgroundPath]$INFO[Skin.CurrentTheme,,.jpg]</icon>
                <thumb>$INFO[Skin.String(HomeItem.15.Fanart)]</thumb>
                <property name="Icon">$INFO[Skin.String(HomeItem.15.Icon)]</property>
                <property name="SubMenu">$INFO[Skin.String(HomeItem.15.Sub)]</property>
                <property name="HiLiteItem">$INFO[Skin.String(HomeItem.15.Type)]</property>
                <property name="AddOnSet">$INFO[Skin.String(HomeItem.15.Addon)]</property>
                <property name="WidgetSet">$INFO[Skin.String(HomeItem.15.Widget)]</property>
                <property name="PlaylistType">$INFO[Skin.String(HomeItem.15.PlaylistType)]</property>
				<property name="PlaylistContent">$INFO[Skin.String(HomeItem.15.PlaylistContent)]</property>
                <property name="Background">$INFO[Skin.String(HomeItem.15.Display)]</property>
                <property name="WidgetFormat">$INFO[Skin.String(HomeItem.15.WidgetFormat)]</property>
				<property name="WidgetLayout">$INFO[Skin.String(HomeItem.15.WidgetLayout)]</property>
                <visible>!String.IsEmpty(Skin.String(HomeItem.15.Path))</visible>
                <visible>!String.IsEqual(Skin.String(HomeItem.15.Type),Radio) | [String.IsEqual(Skin.String(HomeItem.15.Type),Radio) + !Skin.HasSetting(DisablePVRinView)]</visible>
                <visible>!String.IsEqual(Skin.String(HomeItem.15.Type),LiveTV) | [String.IsEqual(Skin.String(HomeItem.15.Type),LiveTV) + !Skin.HasSetting(DisablePVRinView)]</visible>
                <visible>!String.IsEqual(Skin.String(HomeItem.15.Type),PlayDisc) | [String.IsEqual(Skin.String(HomeItem.15.Type),PlayDisc) + System.HasMediaDVD]</visible>
                <visible>!String.IsEqual(Skin.String(HomeItem.15.Type),Games) | [String.IsEqual(Skin.String(HomeItem.15.Type),Games) + System.GetBool(gamesgeneral.enable)]</visible>
                <visible>!Skin.HasSetting(HomeItem.15.Master) | [Skin.HasSetting(HomeItem.15.Master) + System.IsMaster]</visible>
            </item>
        </content>
    </include>
    <include name="DefaultInitialSetup">
        <onload>Skin.SetString(HomeItem.1.Label,Fix Skin Now)</onload>
        <onload>Skin.SetString(HomeItem.1.Path,RunPlugin(plugin://script.module.xenon4k/?mode=2))</onload>
        <onload>Skin.SetString(HomeItem.1.Sub,None)</onload>
        <onload>Skin.SetString(HomeItem.1.Addon,None)</onload>
        <onload>Skin.SetString(HomeItem.1.Widget,Weather)</onload>
        <onload>Skin.SetString(HomeItem.1.Type,Weather)</onload>
        <onload>Skin.SetString(HomeItem.1.Fanart,$VAR[SkinBackgroundPath]weather.jpg)</onload>
        <onload>Skin.SetString(HomeItem.1.Icon,Icons/weather2.png)</onload>
        <onload>Skin.SetString(HomeItem.1.Display,Default)</onload>
        <onload>Skin.SetString(HomeItem.1.WidgetFormat,-)</onload>
		<onload>Skin.SetString(HomeItem.1.WidgetLayout,Small)</onload>
		<onload>ActivateWindow(2135)</onload>
    </include>
	
	
	<include name="HomeSuggestedMedia">
	    <!-- Suggested Movie Info -->
		<control type="group">
            <left>0</left>
            <top>90</top>
            <visible>Skin.HasSetting(LowerMainMenuBar)</visible>
            <visible>!Player.HasMedia + !String.IsEmpty(Window(Home).Property(RecommendedMovie.1.Title)) + !Skin.HasSetting(HideSuggestedMedia)</visible>
            <visible>!Integer.IsGreater(Window(Home).Property(RecommendedMovie.1.PercentPlayed),95)</visible>
            <visible>String.IsEqual(Container(9000).ListItem.Property(HiLiteItem),Movies)</visible>
            <include>VisibleFadeEffect</include>
            <include>Window_OpenClose_Animation</include>
            <animation effect="slide" start="0,0" end="0,-45" time="0" condition="!String.IsEmpty(Skin.String(MenuLAF))">Conditional</animation>
            <animation effect="slide" start="0,0" end="0,240" time="0" condition="Skin.HasSetting(LowerMainMenuBar)">Conditional</animation>
            <control type="image">
                <description>Cover image</description>
                <left>30</left>
                <top>68</top>
                <width>180</width>
                <height>450</height>
                <aspectratio aligny="bottom">keep</aspectratio>
                <texture fallback="DefaultVideoCover.png">$INFO[Window(Home).Property(RecommendedMovie.1.Art(poster))]</texture>
                <bordertexture border="8">ThumbBorder.png</bordertexture>
                <bordersize>5</bordersize>
            </control>
            <control type="label">
                <description>NowPlaying label</description>
                <left>240</left>
                <top>352</top>
                <height>38</height>
                <width>1500</width>
                <label>$LOCALIZE[31269] $LOCALIZE[20338]</label>
                <align>left</align>
                <aligny>center</aligny>
                <font>font12_title</font>
                <textcolor>$VAR[MainColorOne]</textcolor>
                <shadowcolor>black</shadowcolor>
            </control>
            <control type="label">
                <description>Title label</description>
                <left>240</left>
                <top>382</top>
                <height>45</height>
                <width>1500</width>
                <label>$INFO[Window(Home).Property(RecommendedMovie.1.Title)]$INFO[Window(Home).Property(RecommendedMovie.1.Year),[COLOR=grey] (,)[/COLOR]]</label>
                <align>left</align>
                <aligny>center</aligny>
                <font>font13_title</font>
                <textcolor>white</textcolor>
                <shadowcolor>black</shadowcolor>
            </control>
            <control type="label">
                <description>Studio label</description>
                <left>240</left>
                <top>428</top>
                <height>38</height>
                <width>1500</width>
                <label>$INFO[Window(Home).Property(RecommendedMovie.1.Studio)]</label>
                <align>left</align>
                <aligny>center</aligny>
                <font>font12</font>
                <textcolor>white</textcolor>
                <shadowcolor>black</shadowcolor>
            </control>
            <control type="label">
                <description>Time Label</description>
                <left>240</left>
                <top>465</top>
                <height>45</height>
                <width>450</width>
                <label>$INFO[Window(Home).Property(RecommendedMovie.1.PercentPlayed),$LOCALIZE[31268] ]$INFO[Window(Home).Property(RecommendedMovie.1.Runtime), $LOCALIZE[1443] , $LOCALIZE[12391]]</label>
                <align>left</align>
                <aligny>center</aligny>
                <font>font12</font>
                <textcolor>white</textcolor>
                <shadowcolor>black</shadowcolor>
            </control>
        </control>
        <!-- Suggested Episode Info -->
        <control type="group">
            <left>0</left>
            <top>90</top>
            <visible>Skin.HasSetting(LowerMainMenuBar)</visible>
            <visible>!Player.HasMedia + !String.IsEmpty(Window(Home).Property(RecommendedEpisode.1.Title)) + !Skin.HasSetting(HideSuggestedMedia)</visible>
            <visible>String.IsEqual(Container(9000).ListItem.Property(HiLiteItem),TVShows)</visible>
            <include>VisibleFadeEffect</include>
            <include>Window_OpenClose_Animation</include>
            <animation effect="slide" start="0,0" end="0,-45" time="0" condition="!String.IsEmpty(Skin.String(MenuLAF))">Conditional</animation>
            <animation effect="slide" start="0,0" end="0,240" time="0" condition="Skin.HasSetting(LowerMainMenuBar)">Conditional</animation>
            <control type="image">
                <description>Cover image</description>
                <left>30</left>
                <top>68</top>
                <width>180</width>
                <height>450</height>
                <aspectratio aligny="bottom">keep</aspectratio>
                <texture fallback="DefaultVideoCover.png">$INFO[Window(Home).Property(RecommendedEpisode.1.Art(tvshow.poster))]</texture>
                <bordertexture border="8">ThumbBorder.png</bordertexture>
                <bordersize>5</bordersize>
            </control>
            <control type="label">
                <left>240</left>
                <top>352</top>
                <height>38</height>
                <width>1500</width>
                <label>$LOCALIZE[31251] $LOCALIZE[20359]</label>
                <align>left</align>
                <aligny>center</aligny>
                <font>font12_title</font>
                <textcolor>$VAR[MainColorOne]</textcolor>
                <shadowcolor>black</shadowcolor>
            </control>
            <control type="label">
                <description>TV Show Season Ep Label</description>
                <left>240</left>
                <top>390</top>
                <height>38</height>
                <width>1500</width>
                <label>$INFO[Window(Home).Property(RecommendedEpisode.1.Title)]</label>
                <align>left</align>
                <aligny>center</aligny>
                <font>font12</font>
                <textcolor>white</textcolor>
                <shadowcolor>black</shadowcolor>
            </control>
            <control type="label">
                <description>Title label</description>
                <left>240</left>
                <top>420</top>
                <height>45</height>
                <width>1500</width>
                <label>$INFO[Window(Home).Property(RecommendedEpisode.1.TVshowTitle)]</label>
                <align>left</align>
                <aligny>center</aligny>
                <font>font13_title</font>
                <textcolor>white</textcolor>
                <shadowcolor>black</shadowcolor>
            </control>
            <control type="label">
                <left>240</left>
                <top>465</top>
                <height>45</height>
                <width>450</width>
                <label>$INFO[Window(Home).Property(RecommendedEpisode.1.Episode),$LOCALIZE[20359] ]$INFO[Window(Home).Property(RecommendedEpisode.1.Season), $LOCALIZE[1443] $LOCALIZE[20373] ]</label>
                <align>left</align>
                <aligny>center</aligny>
                <font>font12</font>
                <textcolor>white</textcolor>
                <shadowcolor>black</shadowcolor>
            </control>
        </control>
	</include>
	
	<include name="HomeRSS">
	    <control type="group">
            <depth>DepthMenu-</depth>
            <left>0</left>
            <top>50r</top>
            <visible>system.getbool(lookandfeel.enablerssfeeds) | [Player.HasAudio + !String.IsEmpty(MusicPlayer.offset(1).Artist) + !Skin.HasSetting(HideNextSongsInfo)]</visible>
            <animation effect="slide" start="0,0" end="0,52" time="150" condition="Skin.HasSetting(HidePopUpSeekBar) + [Player.Seeking | Player.HasPerformedSeek(3) | Player.Paused | Player.Forwarding | Player.Rewinding]">Conditional</animation>
            <include>Window_OpenClose_Animation</include>
            <control type="rss">
                <description>RSS feed</description>
                <include>RSSPosition</include>
                <top>0</top>
                <height>45</height>
                <font>font12</font>
                <urlset>1</urlset>
                <textcolor>$VAR[MainColorOne]</textcolor>
                <titlecolor>$VAR[MainColorOne]</titlecolor>
                <headlinecolor>white</headlinecolor>
                <visible>[!Player.HasAudio | String.IsEmpty(MusicPlayer.offset(1).Artist) | Skin.HasSetting(HideNextSongsInfo)]</visible>
            </control>
            <control type="fadelabel" id="1">
                <description>Next Five Songs</description>
                <include>RSSPosition</include>
                <top>0</top>
                <height>45</height>
                <scroll>true</scroll>
                <scrollout>true</scrollout>
                <pauseatend>200</pauseatend>
                <label>$VAR[NextFiveSongScroller]</label>
                <font>font12</font>
                <textcolor>white</textcolor>
                <shadowcolor>black</shadowcolor>
                <textoffsetx>30</textoffsetx>
                <visible>Player.HasAudio + !String.IsEmpty(MusicPlayer.offset(1).Artist) + !Skin.HasSetting(HideNextSongsInfo)</visible>
            </control>
            <control type="image">
                <description>RSS background</description>
                <left>1875</left>
                <top>3</top>
                <width>36</width>
                <height>36</height>
                <texture>icon-rss.png</texture>
                <include condition="!String.IsEmpty(Skin.String(HomeTrans))">HomeTransparentEffect</include>
            </control>
        </control>
	</include>
	
	<include name="HomeBottomButtons">
	    <control type="grouplist" id="21">
            <depth>DepthFooter</depth>
            <include>Window_OpenClose_Animation</include>
            <left>30</left>
            <top>82r</top>
            <onup condition="!Skin.HasSetting(LowerMainMenuBar) + Control.IsVisible(9002)">9002</onup>
            <onup condition="Skin.HasSetting(LowerMainMenuBar) | !Control.IsVisible(9002)">9001</onup>
            <ondown>9003</ondown>
            <align>left</align>
            <orientation>horizontal</orientation>
            <itemgap>15</itemgap>
            <control type="radiobutton" id="23">
                <description>Power push button</description>
                <textureradioonfocus>icon_power.png</textureradioonfocus>
                <textureradioonnofocus>icon_power.png</textureradioonnofocus>
                <textureradioofffocus>icon_power.png</textureradioofffocus>
                <textureradiooffnofocus>icon_power.png</textureradiooffnofocus>
                <texturefocus border="5" colordiffuse="$VAR[MainColorOne]">floor_buttonFO.png</texturefocus>
                <texturenofocus border="5">floor_button.png</texturenofocus>
                <width>68</width>
                <height>68</height>
                <radiowidth>52</radiowidth>
                <radioheight>52</radioheight>
                <radioposx>8</radioposx>
                <radioposy>8</radioposy>
                <label>31003</label>
                <font></font>
                <onclick>$VAR[HomePowerBtnCommand]</onclick>
                <include condition="!String.IsEmpty(Skin.String(HomeTrans))">HomeTransparentEffect</include>
                <visible>!Skin.HasSetting(HideHomePowerBtn)</visible>
            </control>
			<control type="radiobutton" id="22">
                <description>Favourites push button</description>
                <textureradioonfocus>icon_favourites.png</textureradioonfocus>
                <textureradioonnofocus>icon_favourites.png</textureradioonnofocus>
                <textureradioofffocus>icon_favourites.png</textureradioofffocus>
                <textureradiooffnofocus>icon_favourites.png</textureradiooffnofocus>
                <texturefocus border="5" colordiffuse="$VAR[MainColorOne]">floor_buttonFO.png</texturefocus>
                <texturenofocus border="5">floor_button.png</texturenofocus>
                <width>68</width>
                <height>68</height>
                <radiowidth>52</radiowidth>
                <radioheight>52</radioheight>
                <radioposx>8</radioposx>
                <radioposy>8</radioposy>
                <label>1036</label>
                <font></font>
                <onclick>ActivateWindow(favouritesbrowser)</onclick>
                <include condition="!String.IsEmpty(Skin.String(HomeTrans))">HomeTransparentEffect</include>
                <visible>!Skin.HasSetting(HideFavorites)</visible>
            </control>
            <control type="radiobutton" id="25">
                <description>GlobSearch push button</description>
                <textureradioonfocus>icon_search.png</textureradioonfocus>
                <textureradioonnofocus>icon_search.png</textureradioonnofocus>
                <textureradioofffocus>icon_search.png</textureradioofffocus>
                <textureradiooffnofocus>icon_search.png</textureradiooffnofocus>
                <texturefocus border="5" colordiffuse="$VAR[MainColorOne]">floor_buttonFO.png</texturefocus>
                <texturenofocus border="5">floor_button.png</texturenofocus>
                <width>68</width>
                <height>68</height>
                <radiowidth>52</radiowidth>
                <radioheight>52</radioheight>
                <radioposx>8</radioposx>
                <radioposy>8</radioposy>
                <label></label>
                <font></font>
                <onclick>ActivateWindow(5001)</onclick>
                <include condition="!String.IsEmpty(Skin.String(HomeTrans))">HomeTransparentEffect</include>
            </control>
        </control>
	</include>
	
</includes>
