<?xml version="1.0" encoding="UTF-8"?>
<window>
    <defaultcontrol>50</defaultcontrol>
    <menucontrol>9000</menucontrol>
    <onunload>ClearProperty(SideBladeOpen)</onunload>
    <controls>
        <include condition="!Skin.HasSetting(ShowWeatherFanart) | [String.IsEmpty(Skin.String(WeatherFanartDir)) + String.IsEmpty(Skin.String(WeatherFanart.path))]">CommonBackground</include>
        <control type="multiimage">
            <depth>DepthBackground</depth>
            <include>BackgroundDimensions</include>
            <aspectratio>scale</aspectratio>
            <imagepath background="true">$VAR[CurrentWeatherFanart]</imagepath>
            <include>BackgroundTimePerImage</include>
            <randomize>true</randomize>
            <fadetime>1000</fadetime>
            <include>VisibleFadeEffect</include>
            <visible>Skin.HasSetting(ShowWeatherFanart) + [!String.IsEmpty(Skin.String(WeatherFanartDir)) | !String.IsEmpty(Skin.String(WeatherFanart.path))]</visible>
            <animation effect="fade" time="150">WindowClose</animation>
        </control>
        <include content="CommonWindowHeader">
            <param name="Icon" value="icon_weather" />
            <param name="Label" value="$LOCALIZE[8]" />
        </include>
        <control type="image">
            <left>0</left>
            <top>150r</top>
            <width>1920</width>
            <height>150</height>
            <texture>floor.png</texture>
            <include>VisibleFadeEffect</include>
            <animation effect="slide" start="0,15" end="0,0" time="150" condition="Window.Previous(Home)">WindowOpen</animation>
            <animation effect="slide" start="0,0" end="0,15" time="150" condition="Window.Next(Home)">WindowClose</animation>
            <include condition="!String.IsEmpty(Skin.String(HomeTrans))">HomeTransparentEffect</include>
            <animation effect="fade" start="100" end="65" time="0" condition="String.IsEmpty(Skin.String(HomeTrans)) + Skin.String(HomeFloor,Transparent)">Conditional</animation>
            <visible>!String.IsEmpty(Skin.String(HomeFloor))</visible>
        </control>
        <control type="group">
            <animation type="WindowOpen" reversible="false">
                <effect type="zoom" start="80" end="100" center="960,540" easing="out" tween="back" time="225" />
                <effect type="fade" start="0" end="100" time="225" />
            </animation>
            <animation type="WindowClose" reversible="false">
                <effect type="zoom" start="100" end="80" center="960,540" easing="in" tween="back" time="225" />
                <effect type="fade" start="100" end="0" time="225" />
            </animation>
            <include>VisibleFadeEffect</include>
            <control type="group">
                <left>90</left>
                <top>60</top>
                <control type="image">
                    <left>0</left>
                    <top>0</top>
                    <width>750</width>
                    <height>930</height>
                    <texture border="20">$VAR[DialogPath]ContentPanel.png</texture>
                    <include condition="!String.IsEmpty(Skin.String(MediaPanelTrans))">TransparentEffect</include>
                </control>
                <control type="image">
                    <left>0</left>
                    <top>918</top>
                    <width>750</width>
                    <height>96</height>
                    <texture border="10">$VAR[DialogPath]ContentPanelMirror.png</texture>
                </control>
                <control type="image">
                    <left>12</left>
                    <top>8</top>
                    <width>726</width>
                    <height>68</height>
                    <texture>$VAR[DialogPath]dialogheader.png</texture>
                </control>
                <control type="label">
                    <description>header label</description>
                    <left>30</left>
                    <top>22</top>
                    <width>690</width>
                    <height>45</height>
                    <font>font13_title</font>
                    <label>31300</label>
                    <align>center</align>
                    <aligny>center</aligny>
                    <textcolor>white</textcolor>
                    <shadowcolor>black</shadowcolor>
                </control>
                <control type="image">
                    <left>45</left>
                    <top>82</top>
                    <width>660</width>
                    <height>69</height>
                    <aspectratio align="center" aligny="center">keep</aspectratio>
                    <texture>$INFO[Window.Property(WeatherProviderLogo)]</texture>
                </control>
                <control type="label">
                    <description>Provider Text</description>
                    <left>30</left>
                    <top>90</top>
                    <width>690</width>
                    <height>52</height>
                    <font>font12</font>
                    <textcolor>white</textcolor>
                    <scroll>true</scroll>
                    <align>center</align>
                    <aligny>center</aligny>
                    <label>$LOCALIZE[31303] : [COLOR=orange]$INFO[Window.Property(WeatherProvider)][/COLOR]</label>
                    <include>Window_OpenClose_Animation</include>
                    <visible>String.IsEmpty(Window.Property(WeatherProviderLogo))</visible>
                </control>
                <control type="group">
                    <control type="label">
                        <description>weather location label</description>
                        <left>30</left>
                        <top>150</top>
                        <width>690</width>
                        <height>45</height>
                        <font>font13_title</font>
                        <textcolor>white</textcolor>
                        <scroll>false</scroll>
                        <align>center</align>
                        <aligny>center</aligny>
                        <label>$INFO[Window.Property(Location)]</label>
                    </control>
                    <control type="label">
                        <description>update label</description>
                        <left>30</left>
                        <top>180</top>
                        <width>690</width>
                        <height>52</height>
                        <font>font12</font>
                        <label>$LOCALIZE[31301] - $INFO[Window.Property(Updated)]</label>
                        <align>center</align>
                        <aligny>center</aligny>
                        <textcolor>grey2</textcolor>
                    </control>
                    <control type="group">
                        <depth>DepthContent+</depth>
                        <control type="label">
                            <description>current temp Value</description>
                            <left>22</left>
                            <top>278</top>
                            <width>270</width>
                            <height>60</height>
                            <font>WeatherTemp</font>
                            <align>right</align>
                            <aligny>top</aligny>
                            <label>$INFO[Window.Property(Current.Temperature)]</label>
                            <textcolor>white</textcolor>
                            <shadowcolor>black</shadowcolor>
                        </control>
                        <control type="label">
                            <description>current temp Value Units</description>
                            <left>300</left>
                            <top>309</top>
                            <width>150</width>
                            <height>60</height>
                            <font>font16</font>
                            <align>left</align>
                            <aligny>top</aligny>
                            <label>[B]$INFO[System.TemperatureUnits][/B]</label>
                            <textcolor>white</textcolor>
                            <shadowcolor>black</shadowcolor>
                        </control>
						<control type="multiimage">
                            <description>current weather icon</description>
                            <left>390</left>
                            <top>218</top>
                            <width>300</width>
                            <height>300</height>
						    <timeperimage>70</timeperimage>
				            <fadetime>1</fadetime>
				            <randomize>false</randomize>
                            <aspectratio>keep</aspectratio>
                            <imagepath>$VAR[WeatherIconPath]$INFO[Window.Property(Current.FanartCode)]$VAR[WeatherIconExt]</imagepath>
                        </control>
                    </control>
                    <control type="label">
                        <description>current condition label</description>
                        <left>30</left>
                        <top>525</top>
                        <width>690</width>
                        <height>45</height>
                        <info>Window.Property(Current.Condition)</info>
                        <wrapmultiline>true</wrapmultiline>
                        <font>font13</font>
                        <align>center</align>
                        <aligny>center</aligny>
                        <textcolor>white</textcolor>
                        <shadowcolor>black</shadowcolor>
                    </control>
                </control>
                <control type="image">
                    <left>30</left>
                    <top>585</top>
                    <width>690</width>
                    <height>6</height>
                    <texture>separator.png</texture>
                </control>
                <control type="grouplist">
                    <left>0</left>
                    <top>600</top>
                    <width>255</width>
                    <height>270</height>
                    <itemgap>0</itemgap>
                    <control type="label">
                        <description>current feels like label</description>
                        <left>0</left>
                        <top>0</top>
                        <width>255</width>
                        <height>42</height>
                        <font>font13</font>
                        <align>right</align>
                        <aligny>center</aligny>
                        <label>$LOCALIZE[402] :</label>
                        <textcolor>grey2</textcolor>
                        <shadowcolor>black</shadowcolor>
                        <visible>!String.IsEmpty(Window.Property(Current.FeelsLike))</visible>
                    </control>
                    <control type="label">
                        <description>current dew label</description>
                        <left>0</left>
                        <top>0</top>
                        <width>255</width>
                        <height>42</height>
                        <font>font13</font>
                        <align>right</align>
                        <aligny>center</aligny>
                        <label>$LOCALIZE[405] :</label>
                        <textcolor>grey2</textcolor>
                        <shadowcolor>black</shadowcolor>
                        <visible>!String.IsEmpty(Window.Property(Current.DewPoint))</visible>
                    </control>
                    <control type="label">
                        <description>current humidity label</description>
                        <left>0</left>
                        <top>0</top>
                        <width>255</width>
                        <height>42</height>
                        <font>font13</font>
                        <align>right</align>
                        <aligny>center</aligny>
                        <label>$LOCALIZE[406] :</label>
                        <textcolor>grey2</textcolor>
                        <shadowcolor>black</shadowcolor>
                        <visible>!String.IsEmpty(Window.Property(Current.Humidity))</visible>
                    </control>
                    <control type="label">
                        <description>current UV Index label</description>
                        <left>0</left>
                        <top>0</top>
                        <width>255</width>
                        <height>42</height>
                        <font>font13</font>
                        <align>right</align>
                        <aligny>center</aligny>
                        <label>$LOCALIZE[403] :</label>
                        <textcolor>grey2</textcolor>
                        <shadowcolor>black</shadowcolor>
                        <visible>!String.IsEmpty(Window.Property(Current.UVIndex))</visible>
                    </control>
                    <control type="label">
                        <description>current Precipitation label</description>
                        <left>0</left>
                        <top>0</top>
                        <width>255</width>
                        <height>42</height>
                        <font>font13</font>
                        <align>right</align>
                        <aligny>center</aligny>
                        <label>$LOCALIZE[33021] :</label>
                        <textcolor>grey2</textcolor>
                        <shadowcolor>black</shadowcolor>
                        <visible>!String.IsEmpty(Window.Property(Current.Precipitation))</visible>
                    </control>
                    <control type="label">
                        <description>current Wind label</description>
                        <left>0</left>
                        <top>0</top>
                        <width>255</width>
                        <height>42</height>
                        <font>font13</font>
                        <align>right</align>
                        <aligny>center</aligny>
                        <label>$LOCALIZE[404] :</label>
                        <textcolor>grey2</textcolor>
                        <shadowcolor>black</shadowcolor>
                        <visible>!String.IsEmpty(Window.Property(Current.Wind))</visible>
                    </control>
                </control>
                <control type="grouplist">
                    <left>278</left>
                    <top>600</top>
                    <width>450</width>
                    <height>270</height>
                    <itemgap>0</itemgap>
                    <control type="label">
                        <description>current feels like Value</description>
                        <left>0</left>
                        <top>0</top>
                        <width>450</width>
                        <height>42</height>
                        <font>font13</font>
                        <align>left</align>
                        <aligny>center</aligny>
                        <label>$INFO[Window.Property(Current.FeelsLike)]$INFO[System.TemperatureUnits]</label>
                        <textcolor>white</textcolor>
                        <shadowcolor>black</shadowcolor>
                        <visible>!String.IsEmpty(Window.Property(Current.FeelsLike))</visible>
                    </control>
                    <control type="label">
                        <description>current dew Value</description>
                        <left>0</left>
                        <top>0</top>
                        <width>450</width>
                        <height>42</height>
                        <font>font13</font>
                        <align>left</align>
                        <aligny>center</aligny>
                        <label>$INFO[Window.Property(Current.DewPoint)]$INFO[System.TemperatureUnits]</label>
                        <textcolor>white</textcolor>
                        <shadowcolor>black</shadowcolor>
                        <visible>!String.IsEmpty(Window.Property(Current.DewPoint))</visible>
                    </control>
                    <control type="label">
                        <description>current humidity Value</description>
                        <left>0</left>
                        <top>0</top>
                        <width>450</width>
                        <height>42</height>
                        <font>font13</font>
                        <align>left</align>
                        <aligny>center</aligny>
                        <info>Window.Property(Current.Humidity)</info>
                        <textcolor>white</textcolor>
                        <shadowcolor>black</shadowcolor>
                        <visible>!String.IsEmpty(Window.Property(Current.Humidity))</visible>
                    </control>
                    <control type="label">
                        <description>current UV Index Value</description>
                        <left>0</left>
                        <top>0</top>
                        <width>450</width>
                        <height>42</height>
                        <font>font13</font>
                        <align>left</align>
                        <aligny>center</aligny>
                        <info>Window.Property(Current.UVIndex)</info>
                        <textcolor>white</textcolor>
                        <shadowcolor>black</shadowcolor>
                        <visible>!String.IsEmpty(Window.Property(Current.UVIndex))</visible>
                    </control>
                    <control type="label">
                        <description>current Precipitation Value</description>
                        <left>0</left>
                        <top>0</top>
                        <width>450</width>
                        <height>42</height>
                        <font>font13</font>
                        <align>left</align>
                        <aligny>center</aligny>
                        <info>Window.Property(Current.Precipitation)</info>
                        <textcolor>white</textcolor>
                        <shadowcolor>black</shadowcolor>
                        <visible>!String.IsEmpty(Window.Property(Current.Precipitation))</visible>
                    </control>
                    <control type="label">
                        <description>current Wind Value</description>
                        <left>0</left>
                        <top>0</top>
                        <width>450</width>
                        <height>42</height>
                        <font>font13</font>
                        <align>left</align>
                        <aligny>center</aligny>
                        <info>Window.Property(Current.Wind)</info>
                        <textcolor>white</textcolor>
                        <shadowcolor>black</shadowcolor>
                        <visible>!String.IsEmpty(Window.Property(Current.Wind))</visible>
                    </control>
                </control>
                <control type="group">
                    <visible>!String.IsEmpty(Window.Property(Today.IsFetched))</visible>
                    <control type="label">
                        <description>Sunrise Label</description>
                        <left>45</left>
                        <top>855</top>
                        <width>450</width>
                        <height>52</height>
                        <font>font13</font>
                        <align>left</align>
                        <aligny>center</aligny>
                        <label>$LOCALIZE[33027] : [COLOR=white]$INFO[Window.Property(Today.Sunrise)][/COLOR]</label>
                        <textcolor>grey2</textcolor>
                        <shadowcolor>black</shadowcolor>
                        <visible>!String.IsEmpty(Window.Property(Today.Sunrise))</visible>
                    </control>
                    <control type="label">
                        <description>Sunset label</description>
                        <left>255</left>
                        <top>855</top>
                        <width>450</width>
                        <height>52</height>
                        <font>font13</font>
                        <align>right</align>
                        <aligny>center</aligny>
                        <label>$LOCALIZE[33028] : [COLOR=white]$INFO[Window.Property(Today.Sunset)][/COLOR]</label>
                        <textcolor>grey2</textcolor>
                        <shadowcolor>black</shadowcolor>
                        <visible>!String.IsEmpty(Window.Property(Today.Sunset))</visible>
                    </control>
                </control>
            </control>
            <control type="group">
                <left>870</left>
                <top>60</top>
                <control type="image">
                    <left>0</left>
                    <top>0</top>
                    <width>975</width>
                    <height>930</height>
                    <texture border="20">$VAR[DialogPath]ContentPanel.png</texture>
                    <include condition="!String.IsEmpty(Skin.String(MediaPanelTrans))">TransparentEffect</include>
                </control>
                <control type="image">
                    <left>0</left>
                    <top>918</top>
                    <width>975</width>
                    <height>96</height>
                    <texture border="10">$VAR[DialogPath]ContentPanelMirror.png</texture>
                </control>
                <control type="image">
                    <left>12</left>
                    <top>8</top>
                    <width>951</width>
                    <height>68</height>
                    <texture>$VAR[DialogPath]dialogheader.png</texture>
                </control>
                <control type="group" id="50">
                    <include>WeatherDaily</include>
                    <include>Weather36Hour</include>
                    <include>WeatherWeekend</include>
                    <include>WeatherHourly</include>
                    <include>WeatherMaps</include>
                    <include>WeatherAlerts</include>
                </control>
            </control>
        </control>
        <control type="group">
            <depth>DepthFooter</depth>
            <include>CommonNowPlaying</include>
        </control>
        <include>FloorReturnButtons</include>
        <control type="group">
            <visible>!Skin.HasSetting(KioskMode)</visible>
            <left>-375</left>
            <include>SideBladeLeft</include>
            <control type="grouplist" id="9000">
                <left>0</left>
                <top>90</top>
                <width>375</width>
                <height>975</height>
                <onfocus condition="String.IsEmpty(Window.Property(SideBladeOpen))">SetProperty(SideBladeOpen,True)</onfocus>
                <onleft>SetFocus($VAR[ActiveListId])</onleft>
                <onright>ClearProperty(SideBladeOpen)</onright>
                <onright>SetFocus($VAR[ActiveListId])</onright>
                <onup>9000</onup>
                <ondown>9000</ondown>
                <onback>ClearProperty(SideBladeOpen)</onback>
                <itemgap>0</itemgap>
                <control type="label" id="200">
                    <width>375</width>
                    <height>52</height>
                    <font>font12</font>
                    <label>31006</label>
                    <textcolor>$VAR[MainColorOne]</textcolor>
                    <align>center</align>
                    <aligny>center</aligny>
                </control>
                <control type="group" id="300">
                    <width>375</width>
                    <height>60</height>
                    <control type="spincontrolex" id="3">
                        <description>change location button</description>
                        <left>0</left>
                        <top>0</top>
                        <font></font>
                        <include>ButtonCommonValues</include>
                        <onleft>SetFocus($VAR[ActiveListId])</onleft>
                        <onright>SetFocus($VAR[ActiveListId])</onright>
                        <onup>200</onup>
                        <ondown>302</ondown>
                        <onback>50</onback>
                    </control>
                    <control type="label" id="301">
                        <left>15</left>
                        <top>0</top>
                        <width>300</width>
                        <height>60</height>
                        <font>font13</font>
                        <label>31027</label>
                        <textcolor>white</textcolor>
                        <align>left</align>
                        <aligny>center</aligny>
                    </control>
                </control>
                <control type="button" id="302">
                    <description>Daily forcast button</description>
                    <textwidth>352</textwidth>
                    <include>ButtonCommonValues</include>
                    <label>31904</label>
                    <onfocus>ClearProperty(Weather.CurrentView)</onfocus>
                    <visible>!String.IsEmpty(Window.Property(Daily.IsFetched))</visible>
                </control>
                <control type="button" id="303">
                    <description>36 hour forcast button</description>
                    <textwidth>352</textwidth>
                    <include>ButtonCommonValues</include>
                    <label>31901</label>
                    <onfocus>SetProperty(Weather.CurrentView,36hour)</onfocus>
                    <visible>!String.IsEmpty(Window.Property(36Hour.IsFetched))</visible>
                </control>
                <control type="button" id="304">
                    <description>Weekend forcast button</description>
                    <textwidth>352</textwidth>
                    <include>ButtonCommonValues</include>
                    <label>31903</label>
                    <onfocus>SetProperty(Weather.CurrentView,weekend)</onfocus>
                    <visible>!String.IsEmpty(Window.Property(Weekend.IsFetched))</visible>
                </control>
                <control type="button" id="305">
                    <description>Hourly forcast button</description>
                    <textwidth>352</textwidth>
                    <include>ButtonCommonValues</include>
                    <label>31902</label>
                    <onfocus>SetProperty(Weather.CurrentView,hourly)</onfocus>
                    <visible>!String.IsEmpty(Window.Property(Hourly.IsFetched))</visible>
                </control>
                <control type="button" id="306">
                    <description>Maps button</description>
                    <textwidth>352</textwidth>
                    <include>ButtonCommonValues</include>
                    <label>31910</label>
                    <onfocus>SetProperty(Weather.CurrentView,map)</onfocus>
                    <visible>!String.IsEmpty(Window.Property(Map.IsFetched))</visible>
                </control>
                <control type="button" id="307">
                    <description>Alerts button</description>
                    <textwidth>352</textwidth>
                    <include>ButtonCommonValues</include>
                    <label>33050</label>
                    <onfocus>SetProperty(Weather.CurrentView,alerts)</onfocus>
                    <visible>!String.IsEmpty(Window.Property(Alerts.IsFetched))</visible>
                </control>
                <control type="label" id="201">
                    <width>375</width>
                    <height>52</height>
                    <font>font12</font>
                    <label>31026</label>
                    <textcolor>$VAR[MainColorOne]</textcolor>
                    <align>center</align>
                    <aligny>center</aligny>
                </control>
                <control type="button" id="2">
                    <description>Refresh button</description>
                    <textwidth>352</textwidth>
                    <include>ButtonCommonValues</include>
                    <label>103</label>
                </control>
                <control type="button" id="5">
                    <description>Custom Weather Script Button</description>
                    <label>$INFO[Skin.String(WeatherScript_Label)]</label>
                    <onclick>SetFocus(50)</onclick>
                    <onclick>RunScript($INFO[Skin.String(WeatherScript_Path)])</onclick>
                    <onclick>SetFocus(50)</onclick>
                    <textwidth>352</textwidth>
                    <include>ButtonCommonValues</include>
                    <visible>Skin.HasSetting(WeatherScript_Enable) + !String.IsEmpty(Skin.String(WeatherScript_Label))</visible>
                </control>
                <control type="button" id="4">
                    <description>Settings button</description>
                    <label>5</label>
                    <onclick>ActivateWindow(servicesettings,weather)</onclick>
                    <textwidth>352</textwidth>
                    <include>ButtonCommonValues</include>
                </control>
                <control type="radiobutton" id="250">
                    <description>Fanart Toggle</description>
                    <include>ButtonCommonValues</include>
                    <label>31307</label>
                    <onclick>Skin.ToggleSetting(ShowWeatherFanart)</onclick>
                    <selected>!Skin.HasSetting(ShowWeatherFanart)</selected>
                </control>
                <!--<control type="button" id="251">
                    <include>ButtonCommonValues</include>
                    <label>31317</label>
                    <onclick>Skin.SetPath(WeatherFanartDir,"special://")</onclick>
                    <enable>Skin.HasSetting(ShowWeatherFanart)</enable>
                </control>
                <control type="button" id="252">
                    <include>ButtonCommonValues</include>
                    <description>Reset Paths</description>
                    <label>31946</label>
                    <onclick>Skin.Reset(WeatherFanartDir)</onclick>
                    <enable>Skin.HasSetting(ShowWeatherFanart)</enable>
                </control>-->
                <include>CommonNowPlaying_Controls</include>
            </control>
        </control>
    </controls>
</window>
