<includes>
	<include name="skinshortcuts-mainmenu">
		<item id="1">
			<property name="id">$NUMBER[1]</property>
			<label>$LOCALIZE[8]</label>
			<label2 />
			<icon>icons/weather2.png</icon>
			<thumb />
			<property name="labelID">8</property>
			<property name="defaultID">weather</property>
			<visible>!String.IsEmpty(Weather.Plugin)</visible>
			<onclick>ActivateWindow(weather)</onclick>
			<property name="path">ActivateWindow(weather)</property>
			<property name="list">weather</property>
			<visible>String.IsEqual(System.ProfileName,Master user)</visible>
			<property name="submenuVisibility">num-8</property>
			<property name="group">mainmenu</property>
			<property name="hasSubmenu">False</property>
			</item>
		</include>
	<include />
	<include name="skinshortcuts-submenu">
		<item id="1">
			<property name="id">$NUMBER[1]</property>
			<property name="mainmenuid">2</property>
			<label>$LOCALIZE[13012]</label>
			<label2>Power Menu Shortcut</label2>
			<icon>DefaultShortcut.png</icon>
			<thumb />
			<property name="labelID">13012</property>
			<property name="defaultID">13012</property>
			<visible>[[System.ShowExitButton] + [System.ShowExitButton]] + String.IsEqual(Container(300).ListItem.Property(submenuVisibility),powermenu)</visible>
			<onclick condition="Window.IsActive(DialogButtonMenu.xml)">Close</onclick>
			<onclick>Quit()</onclick>
			<property name="path">Quit()</property>
			<property name="list">Quit()</property>
			<visible>String.IsEqual(System.ProfileName,Master user)</visible>
			<property name="group">powermenu</property>
			<property name="isSubmenu">True</property>
			</item>
		<item id="2">
			<property name="id">$NUMBER[2]</property>
			<property name="mainmenuid">2</property>
			<label>$LOCALIZE[5]</label>
			<label2>Power Menu Shortcut</label2>
			<icon>DefaultShortcut.png</icon>
			<thumb />
			<property name="labelID">5</property>
			<property name="defaultID">5</property>
			<onclick condition="Window.IsActive(DialogButtonMenu.xml)">Close</onclick>
			<onclick>ActivateWindow(Settings)</onclick>
			<property name="path">ActivateWindow(Settings)</property>
			<property name="list">Settings</property>
			<visible>[String.IsEqual(System.ProfileName,Master user)] + String.IsEqual(Container(300).ListItem.Property(submenuVisibility),powermenu)</visible>
			<property name="group">powermenu</property>
			<property name="isSubmenu">True</property>
			</item>
		<item id="3">
			<property name="id">$NUMBER[3]</property>
			<property name="mainmenuid">2</property>
			<label>$LOCALIZE[31712]</label>
			<label2>Power Menu Shortcut</label2>
			<icon>DefaultShortcut.png</icon>
			<thumb />
			<property name="labelID">31712</property>
			<property name="defaultID">31712</property>
			<onclick condition="Window.IsActive(DialogButtonMenu.xml)">Close</onclick>
			<onclick>ActivateWindow(SkinSettings)</onclick>
			<property name="path">ActivateWindow(SkinSettings)</property>
			<property name="list">SkinSettings</property>
			<visible>[String.IsEqual(System.ProfileName,Master user)] + String.IsEqual(Container(300).ListItem.Property(submenuVisibility),powermenu)</visible>
			<property name="group">powermenu</property>
			<property name="isSubmenu">True</property>
			</item>
		<item id="4">
			<property name="id">$NUMBER[4]</property>
			<property name="mainmenuid">2</property>
			<label>$LOCALIZE[13016]</label>
			<label2>Power Menu Shortcut</label2>
			<icon>DefaultShortcut.png</icon>
			<thumb />
			<property name="labelID">13016</property>
			<property name="defaultID">13016</property>
			<visible>[[System.CanPowerDown] + [System.CanPowerDown]] + String.IsEqual(Container(300).ListItem.Property(submenuVisibility),powermenu)</visible>
			<onclick condition="Window.IsActive(DialogButtonMenu.xml)">Close</onclick>
			<onclick>Powerdown()</onclick>
			<property name="path">Powerdown()</property>
			<property name="list">Powerdown()</property>
			<visible>String.IsEqual(System.ProfileName,Master user)</visible>
			<property name="group">powermenu</property>
			<property name="isSubmenu">True</property>
			</item>
		<item id="5">
			<property name="id">$NUMBER[5]</property>
			<property name="mainmenuid">2</property>
			<label>$LOCALIZE[13011]</label>
			<label2>Power Menu Shortcut</label2>
			<icon>DefaultShortcut.png</icon>
			<thumb />
			<property name="labelID">13011</property>
			<property name="defaultID">13011</property>
			<visible>[[System.CanSuspend] + [System.CanSuspend]] + String.IsEqual(Container(300).ListItem.Property(submenuVisibility),powermenu)</visible>
			<onclick condition="Window.IsActive(DialogButtonMenu.xml)">Close</onclick>
			<onclick>Suspend()</onclick>
			<property name="path">Suspend()</property>
			<property name="list">Suspend()</property>
			<visible>String.IsEqual(System.ProfileName,Master user)</visible>
			<property name="group">powermenu</property>
			<property name="isSubmenu">True</property>
			</item>
		<item id="6">
			<property name="id">$NUMBER[6]</property>
			<property name="mainmenuid">2</property>
			<label>$LOCALIZE[13010]</label>
			<label2>Power Menu Shortcut</label2>
			<icon>DefaultShortcut.png</icon>
			<thumb />
			<property name="labelID">13010</property>
			<property name="defaultID">13010</property>
			<visible>[[System.CanHibernate] + [System.CanHibernate]] + String.IsEqual(Container(300).ListItem.Property(submenuVisibility),powermenu)</visible>
			<onclick condition="Window.IsActive(DialogButtonMenu.xml)">Close</onclick>
			<onclick>Hibernate()</onclick>
			<property name="path">Hibernate()</property>
			<property name="list">Hibernate()</property>
			<visible>String.IsEqual(System.ProfileName,Master user)</visible>
			<property name="group">powermenu</property>
			<property name="isSubmenu">True</property>
			</item>
		<item id="7">
			<property name="id">$NUMBER[7]</property>
			<property name="mainmenuid">2</property>
			<label>$LOCALIZE[13013]</label>
			<label2>Power Menu Shortcut</label2>
			<icon>DefaultShortcut.png</icon>
			<thumb />
			<property name="labelID">13013</property>
			<property name="defaultID">13013</property>
			<visible>[[System.CanReboot] + [System.CanReboot]] + String.IsEqual(Container(300).ListItem.Property(submenuVisibility),powermenu)</visible>
			<onclick condition="Window.IsActive(DialogButtonMenu.xml)">Close</onclick>
			<onclick>Reset()</onclick>
			<property name="path">Reset()</property>
			<property name="list">Reset()</property>
			<visible>String.IsEqual(System.ProfileName,Master user)</visible>
			<property name="group">powermenu</property>
			<property name="isSubmenu">True</property>
			</item>
		<item id="8">
			<property name="id">$NUMBER[8]</property>
			<property name="mainmenuid">2</property>
			<label>$LOCALIZE[31527]</label>
			<label2>Power Menu Shortcut</label2>
			<icon>DefaultShortcut.png</icon>
			<thumb />
			<property name="labelID">31527</property>
			<property name="defaultID">31527</property>
			<visible>[System.CanReboot + [System.Platform.Linux | System.Platform.Linux.RaspberryPi | System.Platform.Android]] + String.IsEqual(Container(300).ListItem.Property(submenuVisibility),powermenu)</visible>
			<onclick condition="Window.IsActive(DialogButtonMenu.xml)">Close</onclick>
			<onclick>System.ExecWait("/usr/sbin/rebootfromnand")</onclick>
			<property name="path">System.ExecWait("/usr/sbin/rebootfromnand")</property>
			<property name="list">System.ExecWait(/usr/sbin/rebootfromnand)</property>
			<onclick>Reset()</onclick>
			<visible>String.IsEqual(System.ProfileName,Master user)</visible>
			<property name="group">powermenu</property>
			<property name="isSubmenu">True</property>
			</item>
		<item id="9">
			<property name="id">$NUMBER[9]</property>
			<property name="mainmenuid">2</property>
			<label>$LOCALIZE[20126]</label>
			<label2>Power Menu Shortcut</label2>
			<icon>DefaultShortcut.png</icon>
			<thumb />
			<property name="labelID">20126</property>
			<property name="defaultID">20126</property>
			<visible>[System.HasLoginScreen | IntegerGreaterThan(System.ProfileCount,1)] + String.IsEqual(Container(300).ListItem.Property(submenuVisibility),powermenu)</visible>
			<onclick condition="Window.IsActive(DialogButtonMenu.xml)">Close</onclick>
			<onclick>dialog.close(all,true)</onclick>
			<property name="path">dialog.close(all,true)</property>
			<property name="list">dialog.close(all,true)</property>
			<onclick>System.LogOff</onclick>
			<visible>String.IsEqual(System.ProfileName,Master user)</visible>
			<property name="group">powermenu</property>
			<property name="isSubmenu">True</property>
			</item>
		<item id="10">
			<property name="id">$NUMBER[10]</property>
			<property name="mainmenuid">2</property>
			<label>$LOCALIZE[20046]</label>
			<label2>Power Menu Shortcut</label2>
			<icon>DefaultShortcut.png</icon>
			<thumb />
			<property name="labelID">20046</property>
			<property name="defaultID">20046</property>
			<visible>[[System.HasLocks] + [System.HasLocks]] + String.IsEqual(Container(300).ListItem.Property(submenuVisibility),powermenu)</visible>
			<onclick condition="Window.IsActive(DialogButtonMenu.xml)">Close</onclick>
			<onclick>mastermode</onclick>
			<property name="path">mastermode</property>
			<property name="list">mastermode</property>
			<visible>String.IsEqual(System.ProfileName,Master user)</visible>
			<property name="group">powermenu</property>
			<property name="isSubmenu">True</property>
			</item>
		<item id="11">
			<property name="id">$NUMBER[11]</property>
			<property name="mainmenuid">2</property>
			<label>$LOCALIZE[13017]</label>
			<label2>Power Menu Shortcut</label2>
			<icon>DefaultShortcut.png</icon>
			<thumb />
			<property name="labelID">13017</property>
			<property name="defaultID">13017</property>
			<visible>[[System.HasShutdown +!System.IsInhibit] + [System.HasShutdown +!System.IsInhibit]] + String.IsEqual(Container(300).ListItem.Property(submenuVisibility),powermenu)</visible>
			<onclick condition="Window.IsActive(DialogButtonMenu.xml)">Close</onclick>
			<onclick>InhibitIdleShutdown(true)</onclick>
			<property name="path">InhibitIdleShutdown(true)</property>
			<property name="list">InhibitIdleShutdown(true)</property>
			<visible>String.IsEqual(System.ProfileName,Master user)</visible>
			<property name="group">powermenu</property>
			<property name="isSubmenu">True</property>
			</item>
		<item id="12">
			<property name="id">$NUMBER[12]</property>
			<property name="mainmenuid">2</property>
			<label>$LOCALIZE[13018]</label>
			<label2>Power Menu Shortcut</label2>
			<icon>DefaultShortcut.png</icon>
			<thumb />
			<property name="labelID">13018</property>
			<property name="defaultID">13018</property>
			<visible>[[System.HasShutdown + System.IsInhibit] + [System.HasShutdown + System.IsInhibit]] + String.IsEqual(Container(300).ListItem.Property(submenuVisibility),powermenu)</visible>
			<onclick condition="Window.IsActive(DialogButtonMenu.xml)">Close</onclick>
			<onclick>InhibitIdleShutdown(false)</onclick>
			<property name="path">InhibitIdleShutdown(false)</property>
			<property name="list">InhibitIdleShutdown(false)</property>
			<visible>String.IsEqual(System.ProfileName,Master user)</visible>
			<property name="group">powermenu</property>
			<property name="isSubmenu">True</property>
			</item>
		<item id="13">
			<property name="id">$NUMBER[13]</property>
			<property name="mainmenuid">2</property>
			<label>$LOCALIZE[20150]</label>
			<label2>Power Menu Shortcut</label2>
			<icon>DefaultShortcut.png</icon>
			<thumb />
			<property name="labelID">20150</property>
			<property name="defaultID">20150</property>
			<visible>[[!System.HasAlarm(shutdowntimer) + [System.CanPowerDown | System.CanSuspend | System.CanHibernate]] + [!System.HasAlarm(shutdowntimer)]] + String.IsEqual(Container(300).ListItem.Property(submenuVisibility),powermenu)</visible>
			<onclick condition="Window.IsActive(DialogButtonMenu.xml)">Close</onclick>
			<onclick>AlarmClock(shutdowntimer,Shutdown())</onclick>
			<property name="path">AlarmClock(shutdowntimer,Shutdown())</property>
			<property name="list">AlarmClock(shutdowntimer,Shutdown())</property>
			<visible>String.IsEqual(System.ProfileName,Master user)</visible>
			<property name="group">powermenu</property>
			<property name="isSubmenu">True</property>
			</item>
		<item id="14">
			<property name="id">$NUMBER[14]</property>
			<property name="mainmenuid">2</property>
			<label>$LOCALIZE[20151]</label>
			<label2>Power Menu Shortcut</label2>
			<icon>DefaultShortcut.png</icon>
			<thumb />
			<property name="labelID">20151</property>
			<property name="defaultID">20151</property>
			<visible>[[System.HasAlarm(shutdowntimer)] + [System.HasAlarm(shutdowntimer)]] + String.IsEqual(Container(300).ListItem.Property(submenuVisibility),powermenu)</visible>
			<onclick condition="Window.IsActive(DialogButtonMenu.xml)">Close</onclick>
			<onclick>CancelAlarm(shutdowntimer)</onclick>
			<property name="path">CancelAlarm(shutdowntimer)</property>
			<property name="list">CancelAlarm(shutdowntimer)</property>
			<visible>String.IsEqual(System.ProfileName,Master user)</visible>
			<property name="group">powermenu</property>
			<property name="isSubmenu">True</property>
			</item>
		</include>
	<include />
	<include name="skinshortcuts-submenu-1" />
	<include name="skinshortcuts-group-num-8">
		<description>No items</description>
		</include>
	<include name="skinshortcuts-group-alt-num-8">
		<description>No items</description>
		</include>
	<include name="skinshortcuts-group-num-8-1">
		<description>No items</description>
		</include>
	<include name="skinshortcuts-group-alt-num-8-1">
		<description>No items</description>
		</include>
	<include name="skinshortcuts-group-powermenu">
		<item id="1">
			<property name="id">$NUMBER[1]</property>
			<property name="mainmenuid">2</property>
			<label>$LOCALIZE[13012]</label>
			<label2>Power Menu Shortcut</label2>
			<icon>DefaultShortcut.png</icon>
			<thumb />
			<property name="labelID">13012</property>
			<property name="defaultID">13012</property>
			<visible>[System.ShowExitButton] + [System.ShowExitButton]</visible>
			<onclick condition="Window.IsActive(DialogButtonMenu.xml)">Close</onclick>
			<onclick>Quit()</onclick>
			<property name="path">Quit()</property>
			<property name="list">Quit()</property>
			<visible>String.IsEqual(System.ProfileName,Master user)</visible>
			<property name="group">powermenu</property>
			<property name="isSubmenu">True</property>
			</item>
		<item id="2">
			<property name="id">$NUMBER[2]</property>
			<property name="mainmenuid">2</property>
			<label>$LOCALIZE[5]</label>
			<label2>Power Menu Shortcut</label2>
			<icon>DefaultShortcut.png</icon>
			<thumb />
			<property name="labelID">5</property>
			<property name="defaultID">5</property>
			<onclick condition="Window.IsActive(DialogButtonMenu.xml)">Close</onclick>
			<onclick>ActivateWindow(Settings)</onclick>
			<property name="path">ActivateWindow(Settings)</property>
			<property name="list">Settings</property>
			<visible>String.IsEqual(System.ProfileName,Master user)</visible>
			<property name="group">powermenu</property>
			<property name="isSubmenu">True</property>
			</item>
		<item id="3">
			<property name="id">$NUMBER[3]</property>
			<property name="mainmenuid">2</property>
			<label>$LOCALIZE[31712]</label>
			<label2>Power Menu Shortcut</label2>
			<icon>DefaultShortcut.png</icon>
			<thumb />
			<property name="labelID">31712</property>
			<property name="defaultID">31712</property>
			<onclick condition="Window.IsActive(DialogButtonMenu.xml)">Close</onclick>
			<onclick>ActivateWindow(SkinSettings)</onclick>
			<property name="path">ActivateWindow(SkinSettings)</property>
			<property name="list">SkinSettings</property>
			<visible>String.IsEqual(System.ProfileName,Master user)</visible>
			<property name="group">powermenu</property>
			<property name="isSubmenu">True</property>
			</item>
		<item id="4">
			<property name="id">$NUMBER[4]</property>
			<property name="mainmenuid">2</property>
			<label>$LOCALIZE[13016]</label>
			<label2>Power Menu Shortcut</label2>
			<icon>DefaultShortcut.png</icon>
			<thumb />
			<property name="labelID">13016</property>
			<property name="defaultID">13016</property>
			<visible>[System.CanPowerDown] + [System.CanPowerDown]</visible>
			<onclick condition="Window.IsActive(DialogButtonMenu.xml)">Close</onclick>
			<onclick>Powerdown()</onclick>
			<property name="path">Powerdown()</property>
			<property name="list">Powerdown()</property>
			<visible>String.IsEqual(System.ProfileName,Master user)</visible>
			<property name="group">powermenu</property>
			<property name="isSubmenu">True</property>
			</item>
		<item id="5">
			<property name="id">$NUMBER[5]</property>
			<property name="mainmenuid">2</property>
			<label>$LOCALIZE[13011]</label>
			<label2>Power Menu Shortcut</label2>
			<icon>DefaultShortcut.png</icon>
			<thumb />
			<property name="labelID">13011</property>
			<property name="defaultID">13011</property>
			<visible>[System.CanSuspend] + [System.CanSuspend]</visible>
			<onclick condition="Window.IsActive(DialogButtonMenu.xml)">Close</onclick>
			<onclick>Suspend()</onclick>
			<property name="path">Suspend()</property>
			<property name="list">Suspend()</property>
			<visible>String.IsEqual(System.ProfileName,Master user)</visible>
			<property name="group">powermenu</property>
			<property name="isSubmenu">True</property>
			</item>
		<item id="6">
			<property name="id">$NUMBER[6]</property>
			<property name="mainmenuid">2</property>
			<label>$LOCALIZE[13010]</label>
			<label2>Power Menu Shortcut</label2>
			<icon>DefaultShortcut.png</icon>
			<thumb />
			<property name="labelID">13010</property>
			<property name="defaultID">13010</property>
			<visible>[System.CanHibernate] + [System.CanHibernate]</visible>
			<onclick condition="Window.IsActive(DialogButtonMenu.xml)">Close</onclick>
			<onclick>Hibernate()</onclick>
			<property name="path">Hibernate()</property>
			<property name="list">Hibernate()</property>
			<visible>String.IsEqual(System.ProfileName,Master user)</visible>
			<property name="group">powermenu</property>
			<property name="isSubmenu">True</property>
			</item>
		<item id="7">
			<property name="id">$NUMBER[7]</property>
			<property name="mainmenuid">2</property>
			<label>$LOCALIZE[13013]</label>
			<label2>Power Menu Shortcut</label2>
			<icon>DefaultShortcut.png</icon>
			<thumb />
			<property name="labelID">13013</property>
			<property name="defaultID">13013</property>
			<visible>[System.CanReboot] + [System.CanReboot]</visible>
			<onclick condition="Window.IsActive(DialogButtonMenu.xml)">Close</onclick>
			<onclick>Reset()</onclick>
			<property name="path">Reset()</property>
			<property name="list">Reset()</property>
			<visible>String.IsEqual(System.ProfileName,Master user)</visible>
			<property name="group">powermenu</property>
			<property name="isSubmenu">True</property>
			</item>
		<item id="8">
			<property name="id">$NUMBER[8]</property>
			<property name="mainmenuid">2</property>
			<label>$LOCALIZE[31527]</label>
			<label2>Power Menu Shortcut</label2>
			<icon>DefaultShortcut.png</icon>
			<thumb />
			<property name="labelID">31527</property>
			<property name="defaultID">31527</property>
			<visible>System.CanReboot + [System.Platform.Linux | System.Platform.Linux.RaspberryPi | System.Platform.Android]</visible>
			<onclick condition="Window.IsActive(DialogButtonMenu.xml)">Close</onclick>
			<onclick>System.ExecWait("/usr/sbin/rebootfromnand")</onclick>
			<property name="path">System.ExecWait("/usr/sbin/rebootfromnand")</property>
			<property name="list">System.ExecWait(/usr/sbin/rebootfromnand)</property>
			<onclick>Reset()</onclick>
			<visible>String.IsEqual(System.ProfileName,Master user)</visible>
			<property name="group">powermenu</property>
			<property name="isSubmenu">True</property>
			</item>
		<item id="9">
			<property name="id">$NUMBER[9]</property>
			<property name="mainmenuid">2</property>
			<label>$LOCALIZE[20126]</label>
			<label2>Power Menu Shortcut</label2>
			<icon>DefaultShortcut.png</icon>
			<thumb />
			<property name="labelID">20126</property>
			<property name="defaultID">20126</property>
			<visible>System.HasLoginScreen | IntegerGreaterThan(System.ProfileCount,1)</visible>
			<onclick condition="Window.IsActive(DialogButtonMenu.xml)">Close</onclick>
			<onclick>dialog.close(all,true)</onclick>
			<property name="path">dialog.close(all,true)</property>
			<property name="list">dialog.close(all,true)</property>
			<onclick>System.LogOff</onclick>
			<visible>String.IsEqual(System.ProfileName,Master user)</visible>
			<property name="group">powermenu</property>
			<property name="isSubmenu">True</property>
			</item>
		<item id="10">
			<property name="id">$NUMBER[10]</property>
			<property name="mainmenuid">2</property>
			<label>$LOCALIZE[20046]</label>
			<label2>Power Menu Shortcut</label2>
			<icon>DefaultShortcut.png</icon>
			<thumb />
			<property name="labelID">20046</property>
			<property name="defaultID">20046</property>
			<visible>[System.HasLocks] + [System.HasLocks]</visible>
			<onclick condition="Window.IsActive(DialogButtonMenu.xml)">Close</onclick>
			<onclick>mastermode</onclick>
			<property name="path">mastermode</property>
			<property name="list">mastermode</property>
			<visible>String.IsEqual(System.ProfileName,Master user)</visible>
			<property name="group">powermenu</property>
			<property name="isSubmenu">True</property>
			</item>
		<item id="11">
			<property name="id">$NUMBER[11]</property>
			<property name="mainmenuid">2</property>
			<label>$LOCALIZE[13017]</label>
			<label2>Power Menu Shortcut</label2>
			<icon>DefaultShortcut.png</icon>
			<thumb />
			<property name="labelID">13017</property>
			<property name="defaultID">13017</property>
			<visible>[System.HasShutdown +!System.IsInhibit] + [System.HasShutdown +!System.IsInhibit]</visible>
			<onclick condition="Window.IsActive(DialogButtonMenu.xml)">Close</onclick>
			<onclick>InhibitIdleShutdown(true)</onclick>
			<property name="path">InhibitIdleShutdown(true)</property>
			<property name="list">InhibitIdleShutdown(true)</property>
			<visible>String.IsEqual(System.ProfileName,Master user)</visible>
			<property name="group">powermenu</property>
			<property name="isSubmenu">True</property>
			</item>
		<item id="12">
			<property name="id">$NUMBER[12]</property>
			<property name="mainmenuid">2</property>
			<label>$LOCALIZE[13018]</label>
			<label2>Power Menu Shortcut</label2>
			<icon>DefaultShortcut.png</icon>
			<thumb />
			<property name="labelID">13018</property>
			<property name="defaultID">13018</property>
			<visible>[System.HasShutdown + System.IsInhibit] + [System.HasShutdown + System.IsInhibit]</visible>
			<onclick condition="Window.IsActive(DialogButtonMenu.xml)">Close</onclick>
			<onclick>InhibitIdleShutdown(false)</onclick>
			<property name="path">InhibitIdleShutdown(false)</property>
			<property name="list">InhibitIdleShutdown(false)</property>
			<visible>String.IsEqual(System.ProfileName,Master user)</visible>
			<property name="group">powermenu</property>
			<property name="isSubmenu">True</property>
			</item>
		<item id="13">
			<property name="id">$NUMBER[13]</property>
			<property name="mainmenuid">2</property>
			<label>$LOCALIZE[20150]</label>
			<label2>Power Menu Shortcut</label2>
			<icon>DefaultShortcut.png</icon>
			<thumb />
			<property name="labelID">20150</property>
			<property name="defaultID">20150</property>
			<visible>[!System.HasAlarm(shutdowntimer) + [System.CanPowerDown | System.CanSuspend | System.CanHibernate]] + [!System.HasAlarm(shutdowntimer)]</visible>
			<onclick condition="Window.IsActive(DialogButtonMenu.xml)">Close</onclick>
			<onclick>AlarmClock(shutdowntimer,Shutdown())</onclick>
			<property name="path">AlarmClock(shutdowntimer,Shutdown())</property>
			<property name="list">AlarmClock(shutdowntimer,Shutdown())</property>
			<visible>String.IsEqual(System.ProfileName,Master user)</visible>
			<property name="group">powermenu</property>
			<property name="isSubmenu">True</property>
			</item>
		<item id="14">
			<property name="id">$NUMBER[14]</property>
			<property name="mainmenuid">2</property>
			<label>$LOCALIZE[20151]</label>
			<label2>Power Menu Shortcut</label2>
			<icon>DefaultShortcut.png</icon>
			<thumb />
			<property name="labelID">20151</property>
			<property name="defaultID">20151</property>
			<visible>[System.HasAlarm(shutdowntimer)] + [System.HasAlarm(shutdowntimer)]</visible>
			<onclick condition="Window.IsActive(DialogButtonMenu.xml)">Close</onclick>
			<onclick>CancelAlarm(shutdowntimer)</onclick>
			<property name="path">CancelAlarm(shutdowntimer)</property>
			<property name="list">CancelAlarm(shutdowntimer)</property>
			<visible>String.IsEqual(System.ProfileName,Master user)</visible>
			<property name="group">powermenu</property>
			<property name="isSubmenu">True</property>
			</item>
		</include>
	<include name="skinshortcuts-group-alt-powermenu">
		<item id="1">
			<property name="id">$NUMBER[1]</property>
			<property name="mainmenuid">2</property>
			<label>$LOCALIZE[13012]</label>
			<label2>Power Menu Shortcut</label2>
			<icon>DefaultShortcut.png</icon>
			<thumb />
			<property name="labelID">13012</property>
			<property name="defaultID">13012</property>
			<visible>[[System.ShowExitButton] + [System.ShowExitButton]] + String.IsEqual(Window(10000).Property(submenuVisibility),powermenu)</visible>
			<onclick condition="Window.IsActive(DialogButtonMenu.xml)">Close</onclick>
			<onclick>Quit()</onclick>
			<property name="path">Quit()</property>
			<property name="list">Quit()</property>
			<visible>String.IsEqual(System.ProfileName,Master user)</visible>
			<property name="group">powermenu</property>
			<property name="isSubmenu">True</property>
			</item>
		<item id="2">
			<property name="id">$NUMBER[2]</property>
			<property name="mainmenuid">2</property>
			<label>$LOCALIZE[5]</label>
			<label2>Power Menu Shortcut</label2>
			<icon>DefaultShortcut.png</icon>
			<thumb />
			<property name="labelID">5</property>
			<property name="defaultID">5</property>
			<onclick condition="Window.IsActive(DialogButtonMenu.xml)">Close</onclick>
			<onclick>ActivateWindow(Settings)</onclick>
			<property name="path">ActivateWindow(Settings)</property>
			<property name="list">Settings</property>
			<visible>[String.IsEqual(System.ProfileName,Master user)] + String.IsEqual(Window(10000).Property(submenuVisibility),powermenu)</visible>
			<property name="group">powermenu</property>
			<property name="isSubmenu">True</property>
			</item>
		<item id="3">
			<property name="id">$NUMBER[3]</property>
			<property name="mainmenuid">2</property>
			<label>$LOCALIZE[31712]</label>
			<label2>Power Menu Shortcut</label2>
			<icon>DefaultShortcut.png</icon>
			<thumb />
			<property name="labelID">31712</property>
			<property name="defaultID">31712</property>
			<onclick condition="Window.IsActive(DialogButtonMenu.xml)">Close</onclick>
			<onclick>ActivateWindow(SkinSettings)</onclick>
			<property name="path">ActivateWindow(SkinSettings)</property>
			<property name="list">SkinSettings</property>
			<visible>[String.IsEqual(System.ProfileName,Master user)] + String.IsEqual(Window(10000).Property(submenuVisibility),powermenu)</visible>
			<property name="group">powermenu</property>
			<property name="isSubmenu">True</property>
			</item>
		<item id="4">
			<property name="id">$NUMBER[4]</property>
			<property name="mainmenuid">2</property>
			<label>$LOCALIZE[13016]</label>
			<label2>Power Menu Shortcut</label2>
			<icon>DefaultShortcut.png</icon>
			<thumb />
			<property name="labelID">13016</property>
			<property name="defaultID">13016</property>
			<visible>[[System.CanPowerDown] + [System.CanPowerDown]] + String.IsEqual(Window(10000).Property(submenuVisibility),powermenu)</visible>
			<onclick condition="Window.IsActive(DialogButtonMenu.xml)">Close</onclick>
			<onclick>Powerdown()</onclick>
			<property name="path">Powerdown()</property>
			<property name="list">Powerdown()</property>
			<visible>String.IsEqual(System.ProfileName,Master user)</visible>
			<property name="group">powermenu</property>
			<property name="isSubmenu">True</property>
			</item>
		<item id="5">
			<property name="id">$NUMBER[5]</property>
			<property name="mainmenuid">2</property>
			<label>$LOCALIZE[13011]</label>
			<label2>Power Menu Shortcut</label2>
			<icon>DefaultShortcut.png</icon>
			<thumb />
			<property name="labelID">13011</property>
			<property name="defaultID">13011</property>
			<visible>[[System.CanSuspend] + [System.CanSuspend]] + String.IsEqual(Window(10000).Property(submenuVisibility),powermenu)</visible>
			<onclick condition="Window.IsActive(DialogButtonMenu.xml)">Close</onclick>
			<onclick>Suspend()</onclick>
			<property name="path">Suspend()</property>
			<property name="list">Suspend()</property>
			<visible>String.IsEqual(System.ProfileName,Master user)</visible>
			<property name="group">powermenu</property>
			<property name="isSubmenu">True</property>
			</item>
		<item id="6">
			<property name="id">$NUMBER[6]</property>
			<property name="mainmenuid">2</property>
			<label>$LOCALIZE[13010]</label>
			<label2>Power Menu Shortcut</label2>
			<icon>DefaultShortcut.png</icon>
			<thumb />
			<property name="labelID">13010</property>
			<property name="defaultID">13010</property>
			<visible>[[System.CanHibernate] + [System.CanHibernate]] + String.IsEqual(Window(10000).Property(submenuVisibility),powermenu)</visible>
			<onclick condition="Window.IsActive(DialogButtonMenu.xml)">Close</onclick>
			<onclick>Hibernate()</onclick>
			<property name="path">Hibernate()</property>
			<property name="list">Hibernate()</property>
			<visible>String.IsEqual(System.ProfileName,Master user)</visible>
			<property name="group">powermenu</property>
			<property name="isSubmenu">True</property>
			</item>
		<item id="7">
			<property name="id">$NUMBER[7]</property>
			<property name="mainmenuid">2</property>
			<label>$LOCALIZE[13013]</label>
			<label2>Power Menu Shortcut</label2>
			<icon>DefaultShortcut.png</icon>
			<thumb />
			<property name="labelID">13013</property>
			<property name="defaultID">13013</property>
			<visible>[[System.CanReboot] + [System.CanReboot]] + String.IsEqual(Window(10000).Property(submenuVisibility),powermenu)</visible>
			<onclick condition="Window.IsActive(DialogButtonMenu.xml)">Close</onclick>
			<onclick>Reset()</onclick>
			<property name="path">Reset()</property>
			<property name="list">Reset()</property>
			<visible>String.IsEqual(System.ProfileName,Master user)</visible>
			<property name="group">powermenu</property>
			<property name="isSubmenu">True</property>
			</item>
		<item id="8">
			<property name="id">$NUMBER[8]</property>
			<property name="mainmenuid">2</property>
			<label>$LOCALIZE[31527]</label>
			<label2>Power Menu Shortcut</label2>
			<icon>DefaultShortcut.png</icon>
			<thumb />
			<property name="labelID">31527</property>
			<property name="defaultID">31527</property>
			<visible>[System.CanReboot + [System.Platform.Linux | System.Platform.Linux.RaspberryPi | System.Platform.Android]] + String.IsEqual(Window(10000).Property(submenuVisibility),powermenu)</visible>
			<onclick condition="Window.IsActive(DialogButtonMenu.xml)">Close</onclick>
			<onclick>System.ExecWait("/usr/sbin/rebootfromnand")</onclick>
			<property name="path">System.ExecWait("/usr/sbin/rebootfromnand")</property>
			<property name="list">System.ExecWait(/usr/sbin/rebootfromnand)</property>
			<onclick>Reset()</onclick>
			<visible>String.IsEqual(System.ProfileName,Master user)</visible>
			<property name="group">powermenu</property>
			<property name="isSubmenu">True</property>
			</item>
		<item id="9">
			<property name="id">$NUMBER[9]</property>
			<property name="mainmenuid">2</property>
			<label>$LOCALIZE[20126]</label>
			<label2>Power Menu Shortcut</label2>
			<icon>DefaultShortcut.png</icon>
			<thumb />
			<property name="labelID">20126</property>
			<property name="defaultID">20126</property>
			<visible>[System.HasLoginScreen | IntegerGreaterThan(System.ProfileCount,1)] + String.IsEqual(Window(10000).Property(submenuVisibility),powermenu)</visible>
			<onclick condition="Window.IsActive(DialogButtonMenu.xml)">Close</onclick>
			<onclick>dialog.close(all,true)</onclick>
			<property name="path">dialog.close(all,true)</property>
			<property name="list">dialog.close(all,true)</property>
			<onclick>System.LogOff</onclick>
			<visible>String.IsEqual(System.ProfileName,Master user)</visible>
			<property name="group">powermenu</property>
			<property name="isSubmenu">True</property>
			</item>
		<item id="10">
			<property name="id">$NUMBER[10]</property>
			<property name="mainmenuid">2</property>
			<label>$LOCALIZE[20046]</label>
			<label2>Power Menu Shortcut</label2>
			<icon>DefaultShortcut.png</icon>
			<thumb />
			<property name="labelID">20046</property>
			<property name="defaultID">20046</property>
			<visible>[[System.HasLocks] + [System.HasLocks]] + String.IsEqual(Window(10000).Property(submenuVisibility),powermenu)</visible>
			<onclick condition="Window.IsActive(DialogButtonMenu.xml)">Close</onclick>
			<onclick>mastermode</onclick>
			<property name="path">mastermode</property>
			<property name="list">mastermode</property>
			<visible>String.IsEqual(System.ProfileName,Master user)</visible>
			<property name="group">powermenu</property>
			<property name="isSubmenu">True</property>
			</item>
		<item id="11">
			<property name="id">$NUMBER[11]</property>
			<property name="mainmenuid">2</property>
			<label>$LOCALIZE[13017]</label>
			<label2>Power Menu Shortcut</label2>
			<icon>DefaultShortcut.png</icon>
			<thumb />
			<property name="labelID">13017</property>
			<property name="defaultID">13017</property>
			<visible>[[System.HasShutdown +!System.IsInhibit] + [System.HasShutdown +!System.IsInhibit]] + String.IsEqual(Window(10000).Property(submenuVisibility),powermenu)</visible>
			<onclick condition="Window.IsActive(DialogButtonMenu.xml)">Close</onclick>
			<onclick>InhibitIdleShutdown(true)</onclick>
			<property name="path">InhibitIdleShutdown(true)</property>
			<property name="list">InhibitIdleShutdown(true)</property>
			<visible>String.IsEqual(System.ProfileName,Master user)</visible>
			<property name="group">powermenu</property>
			<property name="isSubmenu">True</property>
			</item>
		<item id="12">
			<property name="id">$NUMBER[12]</property>
			<property name="mainmenuid">2</property>
			<label>$LOCALIZE[13018]</label>
			<label2>Power Menu Shortcut</label2>
			<icon>DefaultShortcut.png</icon>
			<thumb />
			<property name="labelID">13018</property>
			<property name="defaultID">13018</property>
			<visible>[[System.HasShutdown + System.IsInhibit] + [System.HasShutdown + System.IsInhibit]] + String.IsEqual(Window(10000).Property(submenuVisibility),powermenu)</visible>
			<onclick condition="Window.IsActive(DialogButtonMenu.xml)">Close</onclick>
			<onclick>InhibitIdleShutdown(false)</onclick>
			<property name="path">InhibitIdleShutdown(false)</property>
			<property name="list">InhibitIdleShutdown(false)</property>
			<visible>String.IsEqual(System.ProfileName,Master user)</visible>
			<property name="group">powermenu</property>
			<property name="isSubmenu">True</property>
			</item>
		<item id="13">
			<property name="id">$NUMBER[13]</property>
			<property name="mainmenuid">2</property>
			<label>$LOCALIZE[20150]</label>
			<label2>Power Menu Shortcut</label2>
			<icon>DefaultShortcut.png</icon>
			<thumb />
			<property name="labelID">20150</property>
			<property name="defaultID">20150</property>
			<visible>[[!System.HasAlarm(shutdowntimer) + [System.CanPowerDown | System.CanSuspend | System.CanHibernate]] + [!System.HasAlarm(shutdowntimer)]] + String.IsEqual(Window(10000).Property(submenuVisibility),powermenu)</visible>
			<onclick condition="Window.IsActive(DialogButtonMenu.xml)">Close</onclick>
			<onclick>AlarmClock(shutdowntimer,Shutdown())</onclick>
			<property name="path">AlarmClock(shutdowntimer,Shutdown())</property>
			<property name="list">AlarmClock(shutdowntimer,Shutdown())</property>
			<visible>String.IsEqual(System.ProfileName,Master user)</visible>
			<property name="group">powermenu</property>
			<property name="isSubmenu">True</property>
			</item>
		<item id="14">
			<property name="id">$NUMBER[14]</property>
			<property name="mainmenuid">2</property>
			<label>$LOCALIZE[20151]</label>
			<label2>Power Menu Shortcut</label2>
			<icon>DefaultShortcut.png</icon>
			<thumb />
			<property name="labelID">20151</property>
			<property name="defaultID">20151</property>
			<visible>[[System.HasAlarm(shutdowntimer)] + [System.HasAlarm(shutdowntimer)]] + String.IsEqual(Window(10000).Property(submenuVisibility),powermenu)</visible>
			<onclick condition="Window.IsActive(DialogButtonMenu.xml)">Close</onclick>
			<onclick>CancelAlarm(shutdowntimer)</onclick>
			<property name="path">CancelAlarm(shutdowntimer)</property>
			<property name="list">CancelAlarm(shutdowntimer)</property>
			<visible>String.IsEqual(System.ProfileName,Master user)</visible>
			<property name="group">powermenu</property>
			<property name="isSubmenu">True</property>
			</item>
		</include>
	<include name="skinshortcuts-group-powermenu-1">
		<description>No items</description>
		</include>
	<include name="skinshortcuts-group-alt-powermenu-1">
		<description>No items</description>
		</include>
	<include name="skinshortcuts-group-x1101">
		<description>No items</description>
		</include>
	<include name="skinshortcuts-group-alt-x1101">
		<description>No items</description>
		</include>
	<include name="skinshortcuts-group-x1101-1">
		<description>No items</description>
		</include>
	<include name="skinshortcuts-group-alt-x1101-1">
		<description>No items</description>
		</include>
	<include name="skinshortcuts-group-x1102">
		<description>No items</description>
		</include>
	<include name="skinshortcuts-group-alt-x1102">
		<description>No items</description>
		</include>
	<include name="skinshortcuts-group-x1102-1">
		<description>No items</description>
		</include>
	<include name="skinshortcuts-group-alt-x1102-1">
		<description>No items</description>
		</include>
	<include name="skinshortcuts-group-x1103">
		<description>No items</description>
		</include>
	<include name="skinshortcuts-group-alt-x1103">
		<description>No items</description>
		</include>
	<include name="skinshortcuts-group-x1103-1">
		<description>No items</description>
		</include>
	<include name="skinshortcuts-group-alt-x1103-1">
		<description>No items</description>
		</include>
	<include name="skinshortcuts-group-x1104">
		<description>No items</description>
		</include>
	<include name="skinshortcuts-group-alt-x1104">
		<description>No items</description>
		</include>
	<include name="skinshortcuts-group-x1104-1">
		<description>No items</description>
		</include>
	<include name="skinshortcuts-group-alt-x1104-1">
		<description>No items</description>
		</include>
	<include name="skinshortcuts-group-x1105">
		<description>No items</description>
		</include>
	<include name="skinshortcuts-group-alt-x1105">
		<description>No items</description>
		</include>
	<include name="skinshortcuts-group-x1105-1">
		<description>No items</description>
		</include>
	<include name="skinshortcuts-group-alt-x1105-1">
		<description>No items</description>
		</include>
	<include name="skinshortcuts-group-x1106">
		<description>No items</description>
		</include>
	<include name="skinshortcuts-group-alt-x1106">
		<description>No items</description>
		</include>
	<include name="skinshortcuts-group-x1106-1">
		<description>No items</description>
		</include>
	<include name="skinshortcuts-group-alt-x1106-1">
		<description>No items</description>
		</include>
	<include name="skinshortcuts-group-x1107">
		<description>No items</description>
		</include>
	<include name="skinshortcuts-group-alt-x1107">
		<description>No items</description>
		</include>
	<include name="skinshortcuts-group-x1107-1">
		<description>No items</description>
		</include>
	<include name="skinshortcuts-group-alt-x1107-1">
		<description>No items</description>
		</include>
	<include name="skinshortcuts-group-x1108">
		<description>No items</description>
		</include>
	<include name="skinshortcuts-group-alt-x1108">
		<description>No items</description>
		</include>
	<include name="skinshortcuts-group-x1108-1">
		<description>No items</description>
		</include>
	<include name="skinshortcuts-group-alt-x1108-1">
		<description>No items</description>
		</include>
	<include name="skinshortcuts-group-x1109">
		<description>No items</description>
		</include>
	<include name="skinshortcuts-group-alt-x1109">
		<description>No items</description>
		</include>
	<include name="skinshortcuts-group-x1109-1">
		<description>No items</description>
		</include>
	<include name="skinshortcuts-group-alt-x1109-1">
		<description>No items</description>
		</include>
	<include name="skinshortcuts-group-x1110">
		<description>No items</description>
		</include>
	<include name="skinshortcuts-group-alt-x1110">
		<description>No items</description>
		</include>
	<include name="skinshortcuts-group-x1110-1">
		<description>No items</description>
		</include>
	<include name="skinshortcuts-group-alt-x1110-1">
		<description>No items</description>
		</include>
	<include name="skinshortcuts-group-x1111">
		<description>No items</description>
		</include>
	<include name="skinshortcuts-group-alt-x1111">
		<description>No items</description>
		</include>
	<include name="skinshortcuts-group-x1111-1">
		<description>No items</description>
		</include>
	<include name="skinshortcuts-group-alt-x1111-1">
		<description>No items</description>
		</include>
	<include name="skinshortcuts-group-x1112">
		<description>No items</description>
		</include>
	<include name="skinshortcuts-group-alt-x1112">
		<description>No items</description>
		</include>
	<include name="skinshortcuts-group-x1112-1">
		<description>No items</description>
		</include>
	<include name="skinshortcuts-group-alt-x1112-1">
		<description>No items</description>
		</include>
	<include name="skinshortcuts-group-x1113">
		<description>No items</description>
		</include>
	<include name="skinshortcuts-group-alt-x1113">
		<description>No items</description>
		</include>
	<include name="skinshortcuts-group-x1113-1">
		<description>No items</description>
		</include>
	<include name="skinshortcuts-group-alt-x1113-1">
		<description>No items</description>
		</include>
	<include name="skinshortcuts-group-hubtvnetworks">
		<description>No items</description>
		</include>
	<include name="skinshortcuts-group-alt-hubtvnetworks">
		<description>No items</description>
		</include>
	<include name="skinshortcuts-group-hubtvnetworks-1">
		<description>No items</description>
		</include>
	<include name="skinshortcuts-group-alt-hubtvnetworks-1">
		<description>No items</description>
		</include>
	<include name="skinshortcuts-group-searchmenus">
		<description>No items</description>
		</include>
	<include name="skinshortcuts-group-alt-searchmenus">
		<description>No items</description>
		</include>
	<include name="skinshortcuts-group-searchmenus-1">
		<description>No items</description>
		</include>
	<include name="skinshortcuts-group-alt-searchmenus-1">
		<description>No items</description>
		</include>
	<include name="skinshortcuts-group-aurahubtv">
		<description>No items</description>
		</include>
	<include name="skinshortcuts-group-alt-aurahubtv">
		<description>No items</description>
		</include>
	<include name="skinshortcuts-group-aurahubtv-1">
		<description>No items</description>
		</include>
	<include name="skinshortcuts-group-alt-aurahubtv-1">
		<description>No items</description>
		</include>
	<include name="skinshortcuts-group-aurahubmovies">
		<description>No items</description>
		</include>
	<include name="skinshortcuts-group-alt-aurahubmovies">
		<description>No items</description>
		</include>
	<include name="skinshortcuts-group-aurahubmovies-1">
		<description>No items</description>
		</include>
	<include name="skinshortcuts-group-alt-aurahubmovies-1">
		<description>No items</description>
		</include>
	<include name="skinshortcuts-group-netflixhubtv">
		<description>No items</description>
		</include>
	<include name="skinshortcuts-group-alt-netflixhubtv">
		<description>No items</description>
		</include>
	<include name="skinshortcuts-group-netflixhubtv-1">
		<description>No items</description>
		</include>
	<include name="skinshortcuts-group-alt-netflixhubtv-1">
		<description>No items</description>
		</include>
	<include name="skinshortcuts-group-netflixhubmovies">
		<description>No items</description>
		</include>
	<include name="skinshortcuts-group-alt-netflixhubmovies">
		<description>No items</description>
		</include>
	<include name="skinshortcuts-group-netflixhubmovies-1">
		<description>No items</description>
		</include>
	<include name="skinshortcuts-group-alt-netflixhubmovies-1">
		<description>No items</description>
		</include>
	<include name="skinshortcuts-group-pvrspot">
		<description>No items</description>
		</include>
	<include name="skinshortcuts-group-alt-pvrspot">
		<description>No items</description>
		</include>
	<include name="skinshortcuts-group-pvrspot-1">
		<description>No items</description>
		</include>
	<include name="skinshortcuts-group-alt-pvrspot-1">
		<description>No items</description>
		</include>
	<include name="skinshortcuts-group-tvhubmenu">
		<description>No items</description>
		</include>
	<include name="skinshortcuts-group-alt-tvhubmenu">
		<description>No items</description>
		</include>
	<include name="skinshortcuts-group-tvhubmenu-1">
		<description>No items</description>
		</include>
	<include name="skinshortcuts-group-alt-tvhubmenu-1">
		<description>No items</description>
		</include>
	<include name="skinshortcuts-group-moviehubmenu">
		<description>No items</description>
		</include>
	<include name="skinshortcuts-group-alt-moviehubmenu">
		<description>No items</description>
		</include>
	<include name="skinshortcuts-group-moviehubmenu-1">
		<description>No items</description>
		</include>
	<include name="skinshortcuts-group-alt-moviehubmenu-1">
		<description>No items</description>
		</include>
	</includes>
