<?xml version="1.0" encoding="UTF-8"?>
<addon id="skin.xenon4k" name="[B][COLOR gold]Xenon 22[/COLOR][/B]  (Mid Power)" provider-name="Helly,bsoriano, Diggz" version="22.5">
	<requires>
		<import addon="xbmc.gui" version="5.18.0"/>
		<import addon="script.skinshortcuts" version="2.0.1" />
		<import addon="script.xenon.casthelper" version="1.0.0" />
	</requires>
	<extension debugging="false" defaultthemename="Textures.xbt" effectslowdown="1" point="xbmc.gui.skin">
		<res width="1920" height="1080" aspect="16:9" default="true" folder="xml" />
	</extension>
	<extension point="xbmc.addon.metadata">
		<summary lang="en">eXtended MOD of Confluence skin originally by Jezz_X and CCM by Mudislander.</summary>
		<summary lang="en_US">eXtended MOD of Confluence skin originally by Jezz_X and CCM by Mudislander.</summary>
		<description lang="en">Xenon is a MOD of Confluence to enable a greater degree of user customisation to the default skin (based by Mudislander's CCM).</description>
		<description lang="en_US">Xenon is a MOD of Confluence to enable a greater degree of user customisation to the default skin (based by Mudislander's CCM).</description>
		<disclaimer lang="en">You break it - You get to keep the pieces</disclaimer>
		<disclaimer lang="en_US">You break it - You get to keep the pieces</disclaimer>
		<platform>all</platform>
		<license>GNU General Public License version 2</license>
		<assets>
			<icon>resources/icon.png</icon>
			<fanart>resources/fanart.jpg</fanart>
		</assets>
	</extension>
</addon>
