<?xml version="1.0" encoding="utf-8"?>
<window type="dialog" id="2124">
    <defaultcontrol>450</defaultcontrol>
    <coordinates>
        <left>352</left>
        <top>112</top>
    </coordinates>
    <include>dialogeffect</include>
    <depth>DepthDialog+</depth>
    <controls>
        <control type="group">
            <control type="image">
                <description>background image</description>
                <left>0</left>
                <top>0</top>
                <width>1275</width>
                <height>825</height>
                <texture border="40">$VAR[SelectBack]</texture>
            </control>
            <control type="image">
                <description>Dialog Header image</description>
                <left>60</left>
                <top>24</top>
                <width>1155</width>
                <height>60</height>
                <texture>$VAR[DialogPath]dialogheader.png</texture>
            </control>
            <control type="label" id="1">
                <description>header label</description>
                <left>60</left>
                <top>30</top>
                <width>1155</width>
                <height>45</height>
                <font>font13_title</font>
                <label>$LOCALIZE[31194]</label>
                <align>center</align>
                <aligny>center</aligny>
                <textcolor>selected</textcolor>
                <shadowcolor>black</shadowcolor>
            </control>
            <control type="button">
                <description>Close Window button</description>
                <left>1100</left>
                <top>24</top>
                <onclick>PreviousMenu</onclick>
                <include>DialogCloseButton</include>
                <onleft>450</onleft>
                <onright>450</onright>
                <onup>450</onup>
                <ondown>450</ondown>
            </control>
            <control type="list" id="450">
                <left>30</left>
                <top>100</top>
                <width>825</width>
                <height>690</height>
                <onup>450</onup>
                <ondown>450</ondown>
                <onleft>7</onleft>
                <onright>61</onright>
                <pagecontrol>61</pagecontrol>
                <scrolltime>200</scrolltime>
                <itemlayout height="138" width="825">
                    <control type="image">
                        <left>0</left>
                        <top>0</top>
                        <width>825</width>
                        <height>129</height>
                        <texture border="5">button-nofocus.png</texture>
                    </control>
                    <control type="image">
                        <left>3</left>
                        <top>4</top>
                        <width>120</width>
                        <height>120</height>
                        <texture fallback="Fanart_Fallback_Small.jpg">$INFO[Listitem.Icon]</texture>
                        <aspectratio>keep</aspectratio>
                        <colordiffuse>33FFFFFF</colordiffuse>
                        <bordertexture border="3">black-back2.png</bordertexture>
                        <bordersize>2</bordersize>
                    </control>
                    <control type="label">
                        <left>135</left>
                        <top>3</top>
                        <width>675</width>
                        <height>45</height>
                        <font>font13</font>
                        <textcolor>grey</textcolor>
                        <selectedcolor>selected</selectedcolor>
                        <align>left</align>
                        <aligny>center</aligny>
                        <label>[B]$INFO[ListItem.Label][/B]</label>
                    </control>
                    <control type="textbox">
                        <left>135</left>
                        <top>51</top>
                        <width>675</width>
                        <height>72</height>
                        <font>font12</font>
                        <textcolor>grey</textcolor>
                        <selectedcolor>selected</selectedcolor>
                        <align>left</align>
                        <label>$INFO[ListItem.Label2]</label>
                    </control>
                </itemlayout>
                <focusedlayout height="138" width="825">
                    <control type="image">
                        <left>0</left>
                        <top>0</top>
                        <width>825</width>
                        <height>129</height>
                        <texture border="5">button-nofocus.png</texture>
                        <visible>!Control.HasFocus(450)</visible>
                        <include>VisibleFadeEffect</include>
                    </control>
                    <control type="image">
                        <left>0</left>
                        <top>0</top>
                        <width>825</width>
                        <height>129</height>
                        <texture border="5" colordiffuse="$VAR[MainColorOne]">$VAR[SelectButton2]</texture>
                        <visible>Control.HasFocus(450)</visible>
                        <include>VisibleFadeEffect</include>
                    </control>
                    <control type="image">
                        <left>3</left>
                        <top>4</top>
                        <width>120</width>
                        <height>120</height>
                        <texture fallback="Fanart_Fallback_Small.jpg">$INFO[Listitem.Icon]</texture>
                        <aspectratio>keep</aspectratio>
                        <bordertexture border="3">black-back2.png</bordertexture>
                        <bordersize>2</bordersize>
                    </control>
                    <control type="label">
                        <left>135</left>
                        <top>3</top>
                        <width>675</width>
                        <height>45</height>
                        <font>font13</font>
                        <textcolor>white</textcolor>
                        <selectedcolor>selected</selectedcolor>
                        <align>left</align>
                        <aligny>center</aligny>
                        <label>[B]$INFO[ListItem.Label][/B]</label>
                    </control>
                    <control type="textbox">
                        <left>135</left>
                        <top>51</top>
                        <width>675</width>
                        <height>72</height>
                        <font>font12</font>
                        <textcolor>grey</textcolor>
                        <selectedcolor>selected</selectedcolor>
                        <align>left</align>
                        <label>$INFO[ListItem.Label2]</label>
                    </control>
                </focusedlayout>
                <content>
                    <item id="1">
                        <label>$INFO[Window(home).Property(RecommendedEpisode.1.Title)]</label>
                        <label2>$INFO[Window(home).Property(RecommendedEpisode.1.TVshowTitle)] - $INFO[Window(home).Property(RecommendedEpisode.1.EpisodeNo)]</label2>
                        <onclick>PlayList.Clear</onclick>
                        <onclick>Dialog.Close(2124)</onclick>
                        <onclick>PlayMedia($ESCINFO[Window(home).Property(RecommendedEpisode.1.File)])</onclick>
                        <thumb>$INFO[Window(home).Property(RecommendedEpisode.1.Art(tvshow.fanart))]</thumb>
                        <icon>$INFO[Window(home).Property(RecommendedEpisode.1.Art(thumb))]</icon>
                        <property name="Logo">$INFO[Window(home).Property(RecommendedEpisode.1.Art(tvshow.clearlogo))]</property>
                        <property name="PercentPlayed">$INFO[Window(home).Property(RecommendedEpisode.1.PercentPlayed)]</property>
                        <visible>!String.IsEmpty(Window(home).Property(RecommendedEpisode.1.TVshowTitle))</visible>
                    </item>
                    <item id="2">
                        <label>$INFO[Window(home).Property(RecommendedEpisode.2.Title)]</label>
                        <label2>$INFO[Window(home).Property(RecommendedEpisode.2.TVshowTitle)] - $INFO[Window(home).Property(RecommendedEpisode.2.EpisodeNo)]</label2>
                        <onclick>PlayList.Clear</onclick>
                        <onclick>Dialog.Close(2124)</onclick>
                        <onclick>PlayMedia($ESCINFO[Window(home).Property(RecommendedEpisode.2.File)])</onclick>
                        <thumb>$INFO[Window(home).Property(RecommendedEpisode.2.Art(tvshow.fanart))]</thumb>
                        <icon>$INFO[Window(home).Property(RecommendedEpisode.2.Art(thumb))]</icon>
                        <property name="Logo">$INFO[Window(home).Property(RecommendedEpisode.2.Art(tvshow.clearlogo))]</property>
                        <property name="PercentPlayed">$INFO[Window(home).Property(RecommendedEpisode.2.PercentPlayed)]</property>
                        <visible>!String.IsEmpty(Window(home).Property(RecommendedEpisode.2.TVshowTitle))</visible>
                    </item>
                    <item id="3">
                        <label>$INFO[Window(home).Property(RecommendedEpisode.3.Title)]</label>
                        <label2>$INFO[Window(home).Property(RecommendedEpisode.3.TVshowTitle)] - $INFO[Window(home).Property(RecommendedEpisode.3.EpisodeNo)]</label2>
                        <onclick>PlayList.Clear</onclick>
                        <onclick>Dialog.Close(2124)</onclick>
                        <onclick>PlayMedia($ESCINFO[Window(home).Property(RecommendedEpisode.3.File)])</onclick>
                        <thumb>$INFO[Window(home).Property(RecommendedEpisode.3.Art(tvshow.fanart))]</thumb>
                        <icon>$INFO[Window(home).Property(RecommendedEpisode.3.Art(thumb))]</icon>
                        <property name="Logo">$INFO[Window(home).Property(RecommendedEpisode.3.Art(tvshow.clearlogo))]</property>
                        <property name="PercentPlayed">$INFO[Window(home).Property(RecommendedEpisode.3.PercentPlayed)]</property>
                        <visible>!String.IsEmpty(Window(home).Property(RecommendedEpisode.3.TVshowTitle))</visible>
                    </item>
                    <item id="4">
                        <label>$INFO[Window(home).Property(RecommendedEpisode.4.Title)]</label>
                        <label2>$INFO[Window(home).Property(RecommendedEpisode.4.TVshowTitle)] - $INFO[Window(home).Property(RecommendedEpisode.4.EpisodeNo)]</label2>
                        <onclick>PlayList.Clear</onclick>
                        <onclick>Dialog.Close(2124)</onclick>
                        <onclick>PlayMedia($ESCINFO[Window(home).Property(RecommendedEpisode.4.File)])</onclick>
                        <thumb>$INFO[Window(home).Property(RecommendedEpisode.4.Art(tvshow.fanart))]</thumb>
                        <icon>$INFO[Window(home).Property(RecommendedEpisode.4.Art(thumb))]</icon>
                        <property name="Logo">$INFO[Window(home).Property(RecommendedEpisode.4.Art(tvshow.clearlogo))]</property>
                        <property name="PercentPlayed">$INFO[Window(home).Property(RecommendedEpisode.4.PercentPlayed)]</property>
                        <visible>!String.IsEmpty(Window(home).Property(RecommendedEpisode.4.TVshowTitle))</visible>
                    </item>
                    <item id="5">
                        <label>$INFO[Window(home).Property(RecommendedEpisode.5.Title)]</label>
                        <label2>$INFO[Window(home).Property(RecommendedEpisode.5.TVshowTitle)] - $INFO[Window(home).Property(RecommendedEpisode.5.EpisodeNo)]</label2>
                        <onclick>PlayList.Clear</onclick>
                        <onclick>Dialog.Close(2124)</onclick>
                        <onclick>PlayMedia($ESCINFO[Window(home).Property(RecommendedEpisode.5.File)])</onclick>
                        <thumb>$INFO[Window(home).Property(RecommendedEpisode.5.Art(tvshow.fanart))]</thumb>
                        <icon>$INFO[Window(home).Property(RecommendedEpisode.5.Art(thumb))]</icon>
                        <property name="Logo">$INFO[Window(home).Property(RecommendedEpisode.5.Art(tvshow.clearlogo))]</property>
                        <property name="PercentPlayed">$INFO[Window(home).Property(RecommendedEpisode.5.PercentPlayed)]</property>
                        <visible>!String.IsEmpty(Window(home).Property(RecommendedEpisode.5.TVshowTitle))</visible>
                    </item>
                    <item id="6">
                        <label>$INFO[Window(home).Property(RecommendedEpisode.6.Title)]</label>
                        <label2>$INFO[Window(home).Property(RecommendedEpisode.6.TVshowTitle)] - $INFO[Window(home).Property(RecommendedEpisode.6.EpisodeNo)]</label2>
                        <onclick>PlayList.Clear</onclick>
                        <onclick>Dialog.Close(2124)</onclick>
                        <onclick>PlayMedia($ESCINFO[Window(home).Property(RecommendedEpisode.6.File)])</onclick>
                        <thumb>$INFO[Window(home).Property(RecommendedEpisode.6.Art(tvshow.fanart))]</thumb>
                        <icon>$INFO[Window(home).Property(RecommendedEpisode.6.Art(thumb))]</icon>
                        <property name="Logo">$INFO[Window(home).Property(RecommendedEpisode.6.Art(tvshow.clearlogo))]</property>
                        <property name="PercentPlayed">$INFO[Window(home).Property(RecommendedEpisode.6.PercentPlayed)]</property>
                        <visible>!String.IsEmpty(Window(home).Property(RecommendedEpisode.6.TVshowTitle))</visible>
                    </item>
                    <item id="7">
                        <label>$INFO[Window(home).Property(RecommendedEpisode.7.Title)]</label>
                        <label2>$INFO[Window(home).Property(RecommendedEpisode.7.TVshowTitle)] - $INFO[Window(home).Property(RecommendedEpisode.7.EpisodeNo)]</label2>
                        <onclick>PlayList.Clear</onclick>
                        <onclick>Dialog.Close(2124)</onclick>
                        <onclick>PlayMedia($ESCINFO[Window(home).Property(RecommendedEpisode.7.File)])</onclick>
                        <thumb>$INFO[Window(home).Property(RecommendedEpisode.7.Art(tvshow.fanart))]</thumb>
                        <icon>$INFO[Window(home).Property(RecommendedEpisode.7.Art(thumb))]</icon>
                        <property name="Logo">$INFO[Window(home).Property(RecommendedEpisode.7.Art(tvshow.clearlogo))]</property>
                        <property name="PercentPlayed">$INFO[Window(home).Property(RecommendedEpisode.7.PercentPlayed)]</property>
                        <visible>!String.IsEmpty(Window(home).Property(RecommendedEpisode.7.TVshowTitle))</visible>
                    </item>
                    <item id="8">
                        <label>$INFO[Window(home).Property(RecommendedEpisode.8.Title)]</label>
                        <label2>$INFO[Window(home).Property(RecommendedEpisode.8.TVshowTitle)] - $INFO[Window(home).Property(RecommendedEpisode.8.EpisodeNo)]</label2>
                        <onclick>PlayList.Clear</onclick>
                        <onclick>Dialog.Close(2124)</onclick>
                        <onclick>PlayMedia($ESCINFO[Window(home).Property(RecommendedEpisode.8.File)])</onclick>
                        <thumb>$INFO[Window(home).Property(RecommendedEpisode.8.Art(tvshow.fanart))]</thumb>
                        <icon>$INFO[Window(home).Property(RecommendedEpisode.8.Art(thumb))]</icon>
                        <property name="Logo">$INFO[Window(home).Property(RecommendedEpisode.8.Art(tvshow.clearlogo))]</property>
                        <property name="PercentPlayed">$INFO[Window(home).Property(RecommendedEpisode.8.PercentPlayed)]</property>
                        <visible>!String.IsEmpty(Window(home).Property(RecommendedEpisode.8.TVshowTitle))</visible>
                    </item>
                    <item id="9">
                        <label>$INFO[Window(home).Property(RecommendedEpisode.9.Title)]</label>
                        <label2>$INFO[Window(home).Property(RecommendedEpisode.9.TVshowTitle)] - $INFO[Window(home).Property(RecommendedEpisode.9.EpisodeNo)]</label2>
                        <onclick>PlayList.Clear</onclick>
                        <onclick>Dialog.Close(2124)</onclick>
                        <onclick>PlayMedia($ESCINFO[Window(home).Property(RecommendedEpisode.9.File)])</onclick>
                        <thumb>$INFO[Window(home).Property(RecommendedEpisode.9.Art(tvshow.fanart))]</thumb>
                        <icon>$INFO[Window(home).Property(RecommendedEpisode.9.Art(thumb))]</icon>
                        <property name="Logo">$INFO[Window(home).Property(RecommendedEpisode.9.Art(tvshow.clearlogo))]</property>
                        <property name="PercentPlayed">$INFO[Window(home).Property(RecommendedEpisode.9.PercentPlayed)]</property>
                        <visible>!String.IsEmpty(Window(home).Property(RecommendedEpisode.9.TVshowTitle))</visible>
                    </item>
                    <item id="10">
                        <label>$INFO[Window(home).Property(RecommendedEpisode.10.Title)]</label>
                        <label2>$INFO[Window(home).Property(RecommendedEpisode.10.TVshowTitle)] - $INFO[Window(home).Property(RecommendedEpisode.10.EpisodeNo)]</label2>
                        <onclick>PlayList.Clear</onclick>
                        <onclick>Dialog.Close(2124)</onclick>
                        <onclick>PlayMedia($ESCINFO[Window(home).Property(RecommendedEpisode.10.File)])</onclick>
                        <thumb>$INFO[Window(home).Property(RecommendedEpisode.10.Art(tvshow.fanart))]</thumb>
                        <icon>$INFO[Window(home).Property(RecommendedEpisode.10.Art(thumb))]</icon>
                        <property name="Logo">$INFO[Window(home).Property(RecommendedEpisode.10.Art(tvshow.clearlogo))]</property>
                        <property name="PercentPlayed">$INFO[Window(home).Property(RecommendedEpisode.10.PercentPlayed)]</property>
                        <visible>!String.IsEmpty(Window(home).Property(RecommendedEpisode.10.TVshowTitle))</visible>
                    </item>
                    <item id="11">
                        <label>$INFO[Window(home).Property(RecommendedEpisode.11.Title)]</label>
                        <label2>$INFO[Window(home).Property(RecommendedEpisode.11.TVshowTitle)] - $INFO[Window(home).Property(RecommendedEpisode.11.EpisodeNo)]</label2>
                        <onclick>PlayList.Clear</onclick>
                        <onclick>Dialog.Close(2124)</onclick>
                        <onclick>PlayMedia($ESCINFO[Window(home).Property(RecommendedEpisode.11.File)])</onclick>
                        <thumb>$INFO[Window(home).Property(RecommendedEpisode.11.Art(tvshow.fanart))]</thumb>
                        <icon>$INFO[Window(home).Property(RecommendedEpisode.11.Art(thumb))]</icon>
                        <property name="Logo">$INFO[Window(home).Property(RecommendedEpisode.11.Art(tvshow.clearlogo))]</property>
                        <property name="PercentPlayed">$INFO[Window(home).Property(RecommendedEpisode.11.PercentPlayed)]</property>
                        <visible>!String.IsEmpty(Window(home).Property(RecommendedEpisode.11.TVshowTitle))</visible>
                    </item>
                    <item id="12">
                        <label>$INFO[Window(home).Property(RecommendedEpisode.12.Title)]</label>
                        <label2>$INFO[Window(home).Property(RecommendedEpisode.12.TVshowTitle)] - $INFO[Window(home).Property(RecommendedEpisode.12.EpisodeNo)]</label2>
                        <onclick>PlayList.Clear</onclick>
                        <onclick>Dialog.Close(2124)</onclick>
                        <onclick>PlayMedia($ESCINFO[Window(home).Property(RecommendedEpisode.12.File)])</onclick>
                        <thumb>$INFO[Window(home).Property(RecommendedEpisode.12.Art(tvshow.fanart))]</thumb>
                        <icon>$INFO[Window(home).Property(RecommendedEpisode.12.Art(thumb))]</icon>
                        <property name="Logo">$INFO[Window(home).Property(RecommendedEpisode.12.Art(tvshow.clearlogo))]</property>
                        <property name="PercentPlayed">$INFO[Window(home).Property(RecommendedEpisode.12.PercentPlayed)]</property>
                        <visible>!String.IsEmpty(Window(home).Property(RecommendedEpisode.12.TVshowTitle))</visible>
                    </item>
                    <item id="13">
                        <label>$INFO[Window(home).Property(RecommendedEpisode.13.Title)]</label>
                        <label2>$INFO[Window(home).Property(RecommendedEpisode.13.TVshowTitle)] - $INFO[Window(home).Property(RecommendedEpisode.13.EpisodeNo)]</label2>
                        <onclick>PlayList.Clear</onclick>
                        <onclick>Dialog.Close(2124)</onclick>
                        <onclick>PlayMedia($ESCINFO[Window(home).Property(RecommendedEpisode.13.File)])</onclick>
                        <thumb>$INFO[Window(home).Property(RecommendedEpisode.13.Art(tvshow.fanart))]</thumb>
                        <icon>$INFO[Window(home).Property(RecommendedEpisode.13.Art(thumb))]</icon>
                        <property name="Logo">$INFO[Window(home).Property(RecommendedEpisode.13.Art(tvshow.clearlogo))]</property>
                        <property name="PercentPlayed">$INFO[Window(home).Property(RecommendedEpisode.13.PercentPlayed)]</property>
                        <visible>!String.IsEmpty(Window(home).Property(RecommendedEpisode.13.TVshowTitle))</visible>
                    </item>
                    <item id="14">
                        <label>$INFO[Window(home).Property(RecommendedEpisode.14.Title)]</label>
                        <label2>$INFO[Window(home).Property(RecommendedEpisode.14.TVshowTitle)] - $INFO[Window(home).Property(RecommendedEpisode.14.EpisodeNo)]</label2>
                        <onclick>PlayList.Clear</onclick>
                        <onclick>Dialog.Close(2124)</onclick>
                        <onclick>PlayMedia($ESCINFO[Window(home).Property(RecommendedEpisode.14.File)])</onclick>
                        <thumb>$INFO[Window(home).Property(RecommendedEpisode.14.Art(tvshow.fanart))]</thumb>
                        <icon>$INFO[Window(home).Property(RecommendedEpisode.14.Art(thumb))]</icon>
                        <property name="Logo">$INFO[Window(home).Property(RecommendedEpisode.14.Art(tvshow.clearlogo))]</property>
                        <property name="PercentPlayed">$INFO[Window(home).Property(RecommendedEpisode.14.PercentPlayed)]</property>
                        <visible>!String.IsEmpty(Window(home).Property(RecommendedEpisode.14.TVshowTitle))</visible>
                    </item>
                    <item id="15">
                        <label>$INFO[Window(home).Property(RecommendedEpisode.15.Title)]</label>
                        <label2>$INFO[Window(home).Property(RecommendedEpisode.15.TVshowTitle)] - $INFO[Window(home).Property(RecommendedEpisode.15.EpisodeNo)]</label2>
                        <onclick>PlayList.Clear</onclick>
                        <onclick>Dialog.Close(2124)</onclick>
                        <onclick>PlayMedia($ESCINFO[Window(home).Property(RecommendedEpisode.15.File)])</onclick>
                        <thumb>$INFO[Window(home).Property(RecommendedEpisode.15.Art(tvshow.fanart))]</thumb>
                        <icon>$INFO[Window(home).Property(RecommendedEpisode.15.Art(thumb))]</icon>
                        <property name="Logo">$INFO[Window(home).Property(RecommendedEpisode.15.Art(tvshow.clearlogo))]</property>
                        <property name="PercentPlayed">$INFO[Window(home).Property(RecommendedEpisode.15.PercentPlayed)]</property>
                        <visible>!String.IsEmpty(Window(home).Property(RecommendedEpisode.15.TVshowTitle))</visible>
                    </item>
                    <item id="16">
                        <label>$INFO[Window(home).Property(RecommendedEpisode.16.Title)]</label>
                        <label2>$INFO[Window(home).Property(RecommendedEpisode.16.TVshowTitle)] - $INFO[Window(home).Property(RecommendedEpisode.16.EpisodeNo)]</label2>
                        <onclick>PlayList.Clear</onclick>
                        <onclick>Dialog.Close(2124)</onclick>
                        <onclick>PlayMedia($ESCINFO[Window(home).Property(RecommendedEpisode.16.File)])</onclick>
                        <thumb>$INFO[Window(home).Property(RecommendedEpisode.16.Art(tvshow.fanart))]</thumb>
                        <icon>$INFO[Window(home).Property(RecommendedEpisode.16.Art(thumb))]</icon>
                        <property name="Logo">$INFO[Window(home).Property(RecommendedEpisode.16.Art(tvshow.clearlogo))]</property>
                        <property name="PercentPlayed">$INFO[Window(home).Property(RecommendedEpisode.16.PercentPlayed)]</property>
                        <visible>!String.IsEmpty(Window(home).Property(RecommendedEpisode.16.TVshowTitle))</visible>
                    </item>
                    <item id="17">
                        <label>$INFO[Window(home).Property(RecommendedEpisode.17.Title)]</label>
                        <label2>$INFO[Window(home).Property(RecommendedEpisode.17.TVshowTitle)] - $INFO[Window(home).Property(RecommendedEpisode.17.EpisodeNo)]</label2>
                        <onclick>PlayList.Clear</onclick>
                        <onclick>Dialog.Close(2124)</onclick>
                        <onclick>PlayMedia($ESCINFO[Window(home).Property(RecommendedEpisode.17.File)])</onclick>
                        <thumb>$INFO[Window(home).Property(RecommendedEpisode.17.Art(tvshow.fanart))]</thumb>
                        <icon>$INFO[Window(home).Property(RecommendedEpisode.17.Art(thumb))]</icon>
                        <property name="Logo">$INFO[Window(home).Property(RecommendedEpisode.17.Art(tvshow.clearlogo))]</property>
                        <property name="PercentPlayed">$INFO[Window(home).Property(RecommendedEpisode.17.PercentPlayed)]</property>
                        <visible>!String.IsEmpty(Window(home).Property(RecommendedEpisode.17.TVshowTitle))</visible>
                    </item>
                    <item id="18">
                        <label>$INFO[Window(home).Property(RecommendedEpisode.18.Title)]</label>
                        <label2>$INFO[Window(home).Property(RecommendedEpisode.18.TVshowTitle)] - $INFO[Window(home).Property(RecommendedEpisode.18.EpisodeNo)]</label2>
                        <onclick>PlayList.Clear</onclick>
                        <onclick>Dialog.Close(2124)</onclick>
                        <onclick>PlayMedia($ESCINFO[Window(home).Property(RecommendedEpisode.18.File)])</onclick>
                        <thumb>$INFO[Window(home).Property(RecommendedEpisode.18.Art(tvshow.fanart))]</thumb>
                        <icon>$INFO[Window(home).Property(RecommendedEpisode.18.Art(thumb))]</icon>
                        <property name="Logo">$INFO[Window(home).Property(RecommendedEpisode.18.Art(tvshow.clearlogo))]</property>
                        <property name="PercentPlayed">$INFO[Window(home).Property(RecommendedEpisode.18.PercentPlayed)]</property>
                        <visible>!String.IsEmpty(Window(home).Property(RecommendedEpisode.18.TVshowTitle))</visible>
                    </item>
                    <item id="19">
                        <label>$INFO[Window(home).Property(RecommendedEpisode.19.Title)]</label>
                        <label2>$INFO[Window(home).Property(RecommendedEpisode.19.TVshowTitle)] - $INFO[Window(home).Property(RecommendedEpisode.19.EpisodeNo)]</label2>
                        <onclick>PlayList.Clear</onclick>
                        <onclick>Dialog.Close(2124)</onclick>
                        <onclick>PlayMedia($ESCINFO[Window(home).Property(RecommendedEpisode.19.File)])</onclick>
                        <thumb>$INFO[Window(home).Property(RecommendedEpisode.19.Art(tvshow.fanart))]</thumb>
                        <icon>$INFO[Window(home).Property(RecommendedEpisode.19.Art(thumb))]</icon>
                        <property name="Logo">$INFO[Window(home).Property(RecommendedEpisode.19.Art(tvshow.clearlogo))]</property>
                        <property name="PercentPlayed">$INFO[Window(home).Property(RecommendedEpisode.19.PercentPlayed)]</property>
                        <visible>!String.IsEmpty(Window(home).Property(RecommendedEpisode.19.TVshowTitle))</visible>
                    </item>
                    <item id="20">
                        <label>$INFO[Window(home).Property(RecommendedEpisode.20.Title)]</label>
                        <label2>$INFO[Window(home).Property(RecommendedEpisode.20.TVshowTitle)] - $INFO[Window(home).Property(RecommendedEpisode.20.EpisodeNo)]</label2>
                        <onclick>PlayList.Clear</onclick>
                        <onclick>Dialog.Close(2124)</onclick>
                        <onclick>PlayMedia($ESCINFO[Window(home).Property(RecommendedEpisode.20.File)])</onclick>
                        <thumb>$INFO[Window(home).Property(RecommendedEpisode.20.Art(tvshow.fanart))]</thumb>
                        <icon>$INFO[Window(home).Property(RecommendedEpisode.20.Art(thumb))]</icon>
                        <property name="Logo">$INFO[Window(home).Property(RecommendedEpisode.20.Art(tvshow.clearlogo))]</property>
                        <property name="PercentPlayed">$INFO[Window(home).Property(RecommendedEpisode.20.PercentPlayed)]</property>
                        <visible>!String.IsEmpty(Window(home).Property(RecommendedEpisode.20.TVshowTitle))</visible>
                    </item>
                    <item id="21">
                        <label>31252</label>
                        <label2>31252</label2>
                        <onclick>PreviousMenu</onclick>
                        <icon>DefaultVideo.png</icon>
                        <thumb>Fanart_Fallback_Small.jpg</thumb>
                        <visible>String.IsEmpty(Window(home).Property(RecommendedEpisode.1.TVshowTitle))</visible>
                    </item>
                </content>
            </control>
            <control type="scrollbar" id="61">
                <left>855</left>
                <top>98</top>
                <width>38</width>
                <height>696</height>
                <texturesliderbackground border="0,14,0,14">ScrollBarV.png</texturesliderbackground>
                <texturesliderbar border="0,14,0,14">ScrollBarV_bar.png</texturesliderbar>
                <texturesliderbarfocus border="0,14,0,14" colordiffuse="$VAR[MainColorOne]">ScrollBarV_bar_focus.png</texturesliderbarfocus>
                <textureslidernib colordiffuse="$VAR[MainColorOne]">ScrollBarNib.png</textureslidernib>
                <textureslidernibfocus colordiffuse="$VAR[MainColorOne]">ScrollBarNib.png</textureslidernibfocus>
                <onleft>450</onleft>
                <onright>90</onright>
                <ondown>61</ondown>
                <onup>61</onup>
                <showonepage>false</showonepage>
                <orientation>vertical</orientation>
                <visible>Control.IsVisible(450)</visible>
            </control>
            <control type="group">
                <control type="label">
                    <description>number of files/pages in list text label</description>
                    <left>888</left>
                    <top>735</top>
                    <width>360</width>
                    <height>52</height>
                    <font>font12</font>
                    <align>center</align>
                    <aligny>center</aligny>
                    <textcolor>grey</textcolor>
                    <label>([COLOR=$VAR[MainColorOne]]$INFO[Container(450).NumItems][/COLOR]) $LOCALIZE[31025] - $LOCALIZE[31024] ([COLOR=$VAR[MainColorOne]]$INFO[Container(450).CurrentPage]/$INFO[Container(450).NumPages][/COLOR])</label>
                </control>
                <control type="grouplist" id="90">
                    <left>918</left>
                    <top>150</top>
                    <onleft>450</onleft>
                    <onright>450</onright>
                    <control type="button" id="7">
                        <description>Cancel button</description>
                        <width>300</width>
                        <height>60</height>
                        <label>222</label>
                        <font>font12_title</font>
                        <textcolor>white</textcolor>
                        <focusedcolor>white</focusedcolor>
                        <align>center</align>
                        <onclick>PreviousMenu</onclick>
                    </control>
                    <control type="image">
                        <width>1</width>
                        <height>75</height>
                        <texture></texture>
                    </control>
                    <control type="image">
                        <width>1</width>
                        <height>150</height>
                        <texture></texture>
                        <visible>String.IsEmpty(Container(450).ListItem.Property(Logo))</visible>
                    </control>
                    <control type="image">
                        <width>324</width>
                        <height>150</height>
                        <aspectratio align="center" aligny="bottom">keep</aspectratio>
                        <texture background="true">$INFO[Container(450).ListItem.Property(Logo)]</texture>
                        <visible>!String.IsEmpty(Container(450).ListItem.Property(Logo))</visible>
                    </control>
                    <control type="image">
                        <width>324</width>
                        <height>300</height>
                        <align>center</align>
                        <aspectratio align="center">stretch</aspectratio>
                        <fadetime>IconCrossfadeTime</fadetime>
                        <texture fallback="Fanart_Fallback_Small.jpg" diffuse="episodematte.png">$INFO[Container(450).ListItem.Icon]</texture>
                        <bordertexture border="8">ThumbShadow.png</bordertexture>
                        <bordersize>8</bordersize>
                    </control>
                </control>
            </control>
        </control>
    </controls>
</window>
