<?xml version="1.0" encoding="UTF-8"?>
<window>
    <defaultcontrol>9000</defaultcontrol>
    <coordinates>
        <left>195</left>
        <top>0</top>
    </coordinates>
    <include>dialogeffect</include>
    <depth>DepthDialog+</depth>
    <controls>
        <control type="group">
            <visible>!Window.IsVisible(FileBrowser)</visible>
            <control type="image">
                <description>background image</description>
                <left>0</left>
                <top>0</top>
                <width>1530</width>
                <height>1080</height>
                <texture border="40">$VAR[SelectBack]</texture>
            </control>
            <control type="image">
                <description>Dialog Header image</description>
                <left>60</left>
                <top>24</top>
                <width>1410</width>
                <height>60</height>
                <texture>$VAR[DialogPath]dialogheader.png</texture>
            </control>
            <control type="label" id="1">
                <description>header label</description>
                <left>60</left>
                <top>30</top>
                <width>1410</width>
                <height>45</height>
                <font>font13_title</font>
                <label>$VAR[MusicInfoHeader]</label>
                <align>center</align>
                <aligny>center</aligny>
                <textcolor>selected</textcolor>
                <shadowcolor>black</shadowcolor>
            </control>
            <control type="button">
                <description>Close Window button</description>
                <left>1355</left>
                <top>24</top>
                <onclick>PreviousMenu</onclick>
                <include>DialogCloseButton</include>
                <onleft>450</onleft>
                <onright>450</onright>
                <onup>450</onup>
                <ondown>450</ondown>
            </control>
            <control type="group">
                <animation effect="fade" delay="300" start="0" end="100" time="150">WindowOpen</animation>
                <animation effect="fade" start="100" end="0" time="150">WindowClose</animation>
                <control type="group">
                    <top>135</top>
                    <left>60</left>
                    <include>VisibleFadeEffect</include>
                    <control type="image">
                        <left>0</left>
                        <top>0</top>
                        <width>405</width>
                        <height>405</height>
                        <aspectratio>keep</aspectratio>
                        <bordertexture border="5">button-nofocus.png</bordertexture>
                        <bordersize>4</bordersize>
                        <texture background="true">$INFO[ListItem.Icon]</texture>
                    </control>
                    <control type="list" id="49">
                        <left>420</left>
                        <top>0</top>
                        <width>990</width>
                        <height>405</height>
                        <onleft>49</onleft>
                        <onright>49</onright>
                        <onup>9000</onup>
                        <ondown>50</ondown>
                        <pagecontrol></pagecontrol>
                        <scrolltime>200</scrolltime>
                        <itemlayout height="45">
                            <control type="label">
                                <left>0</left>
                                <top>0</top>
                                <width>210</width>
                                <height>45</height>
                                <font>font13</font>
                                <align>right</align>
                                <aligny>center</aligny>
                                <textcolor>$VAR[MainColorOne]</textcolor>
                                <selectedcolor>selected</selectedcolor>
                                <info>ListItem.Label</info>
                            </control>
                            <control type="label">
                                <left>225</left>
                                <top>0</top>
                                <width>758</width>
                                <height>45</height>
                                <font>font13</font>
                                <align>left</align>
                                <aligny>center</aligny>
                                <textcolor>white</textcolor>
                                <selectedcolor>white</selectedcolor>
                                <info>ListItem.Label2</info>
                            </control>
                        </itemlayout>
                        <focusedlayout height="45">
                            <control type="image">
                                <left>0</left>
                                <top>0</top>
                                <width>990</width>
                                <height>45</height>
                                <visible>Control.HasFocus(49)</visible>
                                <texture colordiffuse="$VAR[MainColorOne]">$VAR[SelectMenuItem]</texture>
                                <include>VisibleFadeEffect</include>
                            </control>
                            <control type="label">
                                <left>0</left>
                                <top>0</top>
                                <width>210</width>
                                <height>45</height>
                                <font>font13</font>
                                <align>right</align>
                                <aligny>center</aligny>
                                <textcolor>$VAR[MainColorOne]</textcolor>
                                <selectedcolor>selected</selectedcolor>
                                <info>ListItem.Label</info>
                            </control>
                            <control type="label">
                                <left>225</left>
                                <top>0</top>
                                <width>758</width>
                                <height>45</height>
                                <font>font13</font>
                                <align>left</align>
                                <aligny>center</aligny>
                                <textcolor>white</textcolor>
                                <selectedcolor>white</selectedcolor>
                                <info>ListItem.Label2</info>
                            </control>
                        </focusedlayout>
                        <content>
                            <include condition="String.IsEqual(ListItem.DBTYPE,artist)">MusicInfoArtistInfo</include>
                            <include condition="String.IsEqual(ListItem.DBTYPE,album)">MusicInfoAlbumInfo</include>
                            <include condition="String.IsEqual(ListItem.DBTYPE,song)">MusicInfoSongInfo</include>
                        </content>
                    </control>
                </control>
                <control type="image">
                    <left>60</left>
                    <top>552</top>
                    <width>1470</width>
                    <height>6</height>
                    <aspectratio>stretch</aspectratio>
                    <texture>separator.png</texture>
                </control>
                <control type="textbox">
                    <description>Description</description>
                    <left>60</left>
                    <top>562</top>
                    <width>1470</width>
                    <height>183</height>
                    <label>$VAR[MusicInfoLabel]</label>
                    <font>font13</font>
                    <align>justify</align>
                    <textcolor>white</textcolor>
					<include condition="Skin.HasSetting(AutoScroll) + !Skin.HasSetting(AutoScroll.Slow)">StandardAutoScroll</include>
					<include condition="Skin.HasSetting(AutoScroll) + Skin.HasSetting(AutoScroll.Slow)">SlowerAutoScroll</include>
                </control>
                <control type="image">
                    <left>60</left>
                    <top>768</top>
                    <width>1470</width>
                    <height>6</height>
                    <aspectratio>stretch</aspectratio>
                    <texture>separator.png</texture>
                    <visible>String.IsEqual(ListItem.DBTYPE,song)</visible>
                </control>
                <control type="image">
                    <description>Thumb</description>
                    <left>60</left>
                    <top>780</top>
                    <width>180</width>
                    <height>180</height>
                    <texture>$VAR[MusicInfoListThumb]</texture>
                    <aspectratio>keep</aspectratio>
                </control>
                <include content="MusicInfoPanel" condition="String.IsEqual(ListItem.DBTYPE,artist) | String.IsEqual(ListItem.DBTYPE,album) | String.IsEqual(ListItem.DBTYPE,song)">
                    <param name="panel-left" value="255" />
                    <param name="panel-width" value="1215" />
                    <param name="item-width" value="608" />
                    <param name="label-width" value="578" />
                </include>
                <control type="grouplist" id="9000">
                    <left>60</left>
                    <top>990</top>
                    <width>1470</width>
                    <height>60</height>
                    <itemgap>3</itemgap>
                    <align>center</align>
                    <orientation>horizontal</orientation>
                    <onleft>9000</onleft>
                    <onright>9000</onright>
                    <onup>50</onup>
                    <ondown>49</ondown>
                    <control type="button" id="6">
                        <description>Refresh</description>
                        <include>ButtonInfoDialogsCommonValues</include>
                        <label></label>
                    </control>
                    <control type="button" id="10">
                        <description>Get Thumb</description>
                        <include>ButtonInfoDialogsCommonValues</include>
                        <label></label>
                    </control>
                    <control type="button" id="12">
                        <description>Get Fanart / Album info</description>
                        <include>ButtonInfoDialogsCommonValues</include>
                        <label></label>
                    </control>
                    <control type="button" id="7">
                        <description>Set my rating</description>
                        <include>ButtonInfoDialogsCommonValues</include>
                        <label></label>
                    </control>
                </control>
            </control>
        </control>
    </controls>
</window>
