<?xml version="1.0" encoding="UTF-8"?>
<fonts>
    <fontset id="Default" idloc="31390">
        <!-- Normal Fonts -->		<font>			<name>lyr1</name>			<filename>lyrics/Theboldfont.ttf</filename>			<linespacing>0.9</linespacing>			<size>120</size>		</font>		<font>			<name>lyr1b</name>			<filename>lyrics/PollerOne.ttf</filename>			<aspect>0.9</aspect>			<size>60</size>		</font>		<font>			<name>lyr2</name>			<filename>lyrics/SF Distant Galaxy.ttf</filename>			<style>lowercase</style>			<linespacing>0.9</linespacing>			<size>120</size>		</font>		<font>			<name>lyr2b</name>			<filename>lyrics/Fredoka One.ttf</filename>			<linespacing>0.9</linespacing>			<size>58</size>		</font>		<font>			<name>lyr3</name>			<filename>lyrics/Luckiest Guy.ttf</filename>			<style>uppercase</style>			<linespacing>0.9</linespacing>			<size>125</size>		</font>		<font>			<name>lyr3b</name>			<filename>lyrics/Exo2-BlackItalic.ttf</filename>			<linespacing>0.85</linespacing>			<size>62</size>		</font>		<font>			<name>lyr4</name>			<filename>lyrics/Geomancy - Extra Bold.ttf</filename>			<linespacing>0.9</linespacing>			<size>120</size>		</font>		<font>			<name>lyr4b</name>			<filename>lyrics/Ranchers-Regular.ttf</filename>			<aspect>1.4</aspect>			<linespacing>0.9</linespacing>			<size>54</size>		</font>		<font>			<name>lyr5</name>			<filename>lyrics/BOXING.ttf</filename>			<aspect>1.3</aspect>			<style>lowercase</style>			<linespacing>0.9</linespacing>			<size>104</size>		</font>		<font>			<name>lyr5b</name>			<filename>lyrics/nasalization-rg.ttf</filename>			<style>bold</style>			<size>54</size>		</font>		<font>			<name>lyr6</name>			<filename>lyrics/Theboldfont.ttf</filename>			<linespacing>0.9</linespacing>			<size>120</size>		</font>		<font>			<name>lyr6b</name>			<filename>lyrics/PollerOne.ttf</filename>			<aspect>0.9</aspect>			<size>60</size>		</font>		<font>			<name>lyr7</name>			<style>uppercase</style>			<filename>lyrics/Luckiest Guy.ttf</filename>			<size>110</size>		</font>		<font>			<name>lyr7a</name>			<style>uppercase</style>			<filename>lyrics/Luckiest Guy.ttf</filename>			<size>155</size>		</font>		<font>			<name>lyr7b</name>			<style>uppercase</style>			<filename>lyrics/Luckiest Guy.ttf</filename>			<size>205</size>		</font>		<font>			<name>lyr7c</name>			<filename>lyrics/Exo2-BlackItalic.ttf</filename>			<linespacing>0.85</linespacing>			<size>60</size>		</font>		<font>			<name>lyr8</name>			<filename>lyrics/SF Distant Galaxy.ttf</filename>			<style>lowercase</style>			<linespacing>0.9</linespacing>			<size>120</size>		</font>		<font>			<name>lyr8b</name>			<filename>lyrics/nasalization-rg.ttf</filename>			<style>bold</style>			<size>54</size>		</font>		<font>			<name>lyr9</name>			<filename>lyrics/Geomancy - Extra Bold.ttf</filename>			<linespacing>0.9</linespacing>			<size>130</size>		</font>		<font>			<name>lyr9b</name>			<filename>lyrics/Fredoka One.ttf</filename>			<linespacing>0.9</linespacing>			<size>58</size>		</font>		<font>			<name>lyr10</name>			<filename>lyrics/SF Distant Galaxy.ttf</filename>			<style>lowercase</style>			<linespacing>0.9</linespacing>			<size>120</size>		</font>		<font>			<name>lyr10b</name>			<filename>lyrics/Ranchers-Regular.ttf</filename>			<aspect>1.4</aspect>			<linespacing>0.9</linespacing>			<size>52</size>		</font>		<font>			<name>lyr11</name>			<filename>lyrics/Theboldfont.ttf</filename>			<linespacing>0.9</linespacing>			<size>120</size>		</font>		<font>			<name>lyr11b</name>			<filename>lyrics/PollerOne.ttf</filename>			<aspect>0.9</aspect>			<size>60</size>		</font>		<font>			<name>lyr12</name>			<filename>lyrics/BOXING.ttf</filename>			<style>lowercase</style>			<linespacing>0.9</linespacing>			<size>275</size>		</font>		<font>			<name>lyr12b</name>			<filename>lyrics/BOXING.ttf</filename>			<style>lowercase</style>			<linespacing>0.9</linespacing>			<size>165</size>		</font>		<font>			<name>lyr12c</name>			<filename>lyrics/BOXING.ttf</filename>			<style>lowercase</style>			<linespacing>0.9</linespacing>			<size>220</size>		</font>		<font>			<name>lyr12d</name>			<filename>lyrics/Fredoka One.ttf</filename>			<linespacing>0.9</linespacing>			<size>58</size>		</font>		<font>			<name>lyr13</name>			<filename>lyrics/SF Distant Galaxy.ttf</filename>			<style>lowercase</style>			<linespacing>0.9</linespacing>			<size>120</size>		</font>		<font>			<name>lyr13b</name>			<filename>lyrics/Exo2-BlackItalic.ttf</filename>			<linespacing>0.85</linespacing>			<size>62</size>		</font>			<font>			<name>lyr14</name>			<style>uppercase</style>			<filename>lyrics/Luckiest Guy.ttf</filename>			<size>140</size>		</font>		<font>			<name>lyr14b</name>			<filename>lyrics/Ranchers-Regular.ttf</filename>			<aspect>1.4</aspect>			<linespacing>0.9</linespacing>			<size>54</size>		</font>		<font>			<name>lyr15</name>			<filename>lyrics/Geomancy - Extra Bold.ttf</filename>			<linespacing>0.9</linespacing>			<size>130</size>		</font>		<font>			<name>lyr15b</name>			<filename>lyrics/nasalization-rg.ttf</filename>			<style>bold</style>			<size>56</size>		</font>		<font>			<name>lyrsh16</name>			<filename>lyrics/PollerOne.ttf</filename>			<aspect>0.9</aspect>			<size>76</size>		</font>		<font>			<name>lyrsh38</name>			<filename>lyrics/Exo2-BlackItalic.ttf</filename>			<linespacing>0.85</linespacing>			<size>86</size>		</font>		<font>			<name>lyrsh50</name>			<filename>lyrics/nasalization-rg.ttf</filename>			<style>bold</style>			<size>74</size>		</font>		<font>			<name>lyrsh72</name>			<filename>lyrics/Fredoka One.ttf</filename>			<linespacing>0.9</linespacing>			<size>88</size>		</font>		<font>			<name>lyrsh94</name>			<filename>lyrics/Ranchers-Regular.ttf</filename>			<aspect>1.4</aspect>			<linespacing>0.9</linespacing>			<size>78</size>		</font>
        <font>
            <name>font10</name>
            <filename>Roboto-Regular.ttf</filename>
            <size>21</size>
        </font>
        <font>
            <name>font11</name>
            <filename>Roboto-Regular.ttf</filename>
            <size>22</size>
        </font>		
        <font>
            <name>font12</name>
            <filename>Roboto-Regular.ttf</filename>
            <size>26</size>
        </font>
        <font>
            <name>font13</name>
            <filename>Roboto-Regular.ttf</filename>
            <size>30</size>
        </font>
        <font>
            <name>font14</name>
            <filename>Roboto-Regular.ttf</filename>
            <size>33</size>
        </font>
        <font>
            <name>font16</name>
            <filename>Roboto-Regular.ttf</filename>
            <size>38</size>
        </font>
        <font>
            <name>font30</name>
            <filename>Roboto-Regular.ttf</filename>
            <size>45</size>
        </font>
        <font>
            <name>fontContextMenu</name>
            <filename>Roboto-Regular.ttf</filename>
            <size>27</size>
        </font>
        <!-- Title Fonts -->
        <font>
            <name>font10_title</name>
            <filename>Roboto-Bold.ttf</filename>
            <size>18</size>
        </font>
        <font>
            <name>font12_title</name>
            <filename>Roboto-Bold.ttf</filename>
            <size>26</size>
        </font>
        <font>
            <name>font13_title</name>
            <filename>Roboto-Bold.ttf</filename>
            <size>30</size>
        </font>
        <font>
            <name>font24_title</name>
            <filename>Roboto-Bold.ttf</filename>
            <size>36</size>
        </font>
        <font>
            <name>font28_title</name>
            <filename>Roboto-Bold.ttf</filename>
            <size>42</size>
        </font>
        <font>
            <name>font30_title</name>
            <filename>Roboto-Bold.ttf</filename>
            <size>45</size>
        </font>
        <font>
            <name>font35_title</name>
            <filename>Roboto-Bold.ttf</filename>
            <size>52</size>
        </font>
        <font>
            <name>font_MainMenu</name>
            <filename>destructobeambb_reg.ttf</filename>
            <size>55</size>
        </font>
		<font>
            <name>font_MainMenuUpper</name>
            <filename>destructobeambb_reg.ttf</filename>
            <size>55</size>
			<style>uppercase</style>
        </font>
        <font>
            <name>WeatherTemp</name>
            <filename>Roboto-Bold.ttf</filename>
            <size>120</size>
        </font>
    </fontset>
    <fontset id="Massive" idloc="15110">
        <!-- Normal Fonts -->
        <font>
            <name>font10</name>
            <filename>Roboto-Regular.ttf</filename>
            <size>26</size>
        </font>
        <font>
            <name>font12</name>
            <filename>Roboto-Regular.ttf</filename>
            <size>34</size>
        </font>
        <font>
            <name>font13</name>
            <filename>Roboto-Regular.ttf</filename>
            <size>38</size>
        </font>
        <font>
            <name>font14</name>
            <filename>Roboto-Regular.ttf</filename>
            <size>38</size>
        </font>
        <font>
            <name>font16</name>
            <filename>Roboto-Regular.ttf</filename>
            <size>38</size>
        </font>
        <font>
            <name>font30</name>
            <filename>Roboto-Regular.ttf</filename>
            <size>45</size>
        </font>
        <font>
            <name>fontContextMenu</name>
            <filename>Roboto-Regular.ttf</filename>
            <size>38</size>
        </font>
        <!-- Title Fonts -->
        <font>
            <name>font10_title</name>
            <filename>Roboto-Bold.ttf</filename>
            <size>18</size>
        </font>
        <font>
            <name>font12_title</name>
            <filename>Roboto-Bold.ttf</filename>
            <size>26</size>
        </font>
        <font>
            <name>font13_title</name>
            <filename>Roboto-Bold.ttf</filename>
            <size>30</size>
        </font>
        <font>
            <name>font24_title</name>
            <filename>Roboto-Bold.ttf</filename>
            <size>36</size>
        </font>
        <font>
            <name>font28_title</name>
            <filename>Roboto-Bold.ttf</filename>
            <size>42</size>
        </font>
        <font>
            <name>font30_title</name>
            <filename>Roboto-Bold.ttf</filename>
            <size>45</size>
        </font>
        <font>
            <name>font35_title</name>
            <filename>Roboto-Bold.ttf</filename>
            <size>52</size>
        </font>
        <font>
            <name>font_MainMenu</name>
            <filename>Roboto-Bold.ttf</filename>
            <size>55</size>
        </font>
		<font>
            <name>font_MainMenuUpper</name>
            <filename>Roboto-Bold.ttf</filename>
            <size>55</size>
			<style>uppercase</style>
        </font>
        <font>
            <name>WeatherTemp</name>
            <filename>Roboto-Bold.ttf</filename>
            <size>120</size>
        </font>
    </fontset>
    <fontset id="DefaultNoCaps" idloc="31391">
        <!-- Normal Fonts -->
        <font>
            <name>font10</name>
            <filename>Roboto-Regular.ttf</filename>
            <size>21</size>
        </font>
        <font>
            <name>font12</name>
            <filename>Roboto-Regular.ttf</filename>
            <size>26</size>
        </font>
        <font>
            <name>font13</name>
            <filename>Roboto-Regular.ttf</filename>
            <size>30</size>
        </font>
        <font>
            <name>font14</name>
            <filename>Roboto-Regular.ttf</filename>
            <size>33</size>
        </font>
        <font>
            <name>font16</name>
            <filename>Roboto-Regular.ttf</filename>
            <size>38</size>
        </font>
        <font>
            <name>font30</name>
            <filename>Roboto-Regular.ttf</filename>
            <size>45</size>
        </font>
        <font>
            <name>fontContextMenu</name>
            <filename>Roboto-Regular.ttf</filename>
            <size>27</size>
        </font>
        <!-- Title Fonts -->
        <font>
            <name>font10_title</name>
            <filename>Roboto-Bold.ttf</filename>
            <size>18</size>
        </font>
        <font>
            <name>font12_title</name>
            <filename>Roboto-Bold.ttf</filename>
            <size>26</size>
        </font>
        <font>
            <name>font13_title</name>
            <filename>Roboto-Bold.ttf</filename>
            <size>30</size>
        </font>
        <font>
            <name>font24_title</name>
            <filename>Roboto-Bold.ttf</filename>
            <size>36</size>
        </font>
        <font>
            <name>font28_title</name>
            <filename>Roboto-Bold.ttf</filename>
            <size>42</size>
        </font>
        <font>
            <name>font30_title</name>
            <filename>Roboto-Bold.ttf</filename>
            <size>45</size>
        </font>
        <font>
            <name>font35_title</name>
            <filename>Roboto-Bold.ttf</filename>
            <size>52</size>
        </font>
        <font>
            <name>font_MainMenu</name>
            <filename>destructobeambb_reg.ttf</filename>
            <size>55</size>
        </font>
		<font>
            <name>font_MainMenuUpper</name>
            <filename>destructobeambb_reg.ttf</filename>
            <size>55</size>
			<style>uppercase</style>
        </font>
        <font>
            <name>WeatherTemp</name>
            <filename>Roboto-Bold.ttf</filename>
            <size>120</size>
        </font>
    </fontset>
    <fontset id="Arial" idloc="31392">
        <!-- Arial Font better for non English -->
        <font>
            <name>font10</name>
            <filename>arial.ttf</filename>
            <size>18</size>
        </font>
        <font>
            <name>font12</name>
            <filename>arial.ttf</filename>
            <size>22</size>
        </font>
        <font>
            <name>font13</name>
            <filename>arial.ttf</filename>
            <size>27</size>
        </font>
        <font>
            <name>font14</name>
            <filename>arial.ttf</filename>
            <size>30</size>
        </font>
        <font>
            <name>font16</name>
            <filename>arial.ttf</filename>
            <size>34</size>
        </font>
        <font>
            <name>font30</name>
            <filename>arial.ttf</filename>
            <size>42</size>
        </font>
        <font>
            <name>fontContextMenu</name>
            <filename>arial.ttf</filename>
            <size>24</size>
        </font>
        <!-- Title Fonts -->
        <font>
            <name>font10_title</name>
            <filename>arial.ttf</filename>
            <size>15</size>
            <style>bold</style>
        </font>
        <font>
            <name>font12_title</name>
            <filename>arial.ttf</filename>
            <size>22</size>
            <style>bold</style>
        </font>
        <font>
            <name>font13_title</name>
            <filename>arial.ttf</filename>
            <size>27</size>
            <style>bold</style>
        </font>
        <font>
            <name>font24_title</name>
            <filename>arial.ttf</filename>
            <size>33</size>
            <style>bold</style>
        </font>
        <font>
            <name>font28_title</name>
            <filename>arial.ttf</filename>
            <size>39</size>
            <style>bold</style>
        </font>
        <font>
            <name>font30_title</name>
            <filename>arial.ttf</filename>
            <size>42</size>
            <style>bold</style>
        </font>
        <font>
            <name>font35_title</name>
            <filename>arial.ttf</filename>
            <size>50</size>
            <style>bold</style>
        </font>
        <font>
            <name>font_MainMenu</name>
            <filename>arial.ttf</filename>
            <size>52</size>
            <style>bold</style>
        </font>
		<font>
            <name>font_MainMenuUpper</name>
            <filename>arial.ttf</filename>
            <size>52</size>
            <style>bold uppercase</style>
        </font>
        <font>
            <name>WeatherTemp</name>
            <filename>arial.ttf</filename>
            <size>120</size>
            <style>bold</style>
        </font>
    </fontset>
    <fontset id="LargeFont" idloc="31393" unicode="true">
        <!-- Normal Fonts -->
        <font>
            <name>font10</name>
            <filename>Massive.ttf</filename>
            <size>18</size>
        </font>
        <font>
            <name>font12</name>
            <filename>Massive.ttf</filename>
            <size>26</size>
        </font>
        <font>
            <name>font13</name>
            <filename>Massive.ttf</filename>
            <size>30</size>
        </font>
        <font>
            <name>font14</name>
            <filename>Massive.ttf</filename>
            <size>33</size>
        </font>
        <font>
            <name>font16</name>
            <filename>Massive.ttf</filename>
            <size>38</size>
        </font>
        <font>
            <name>font30</name>
            <filename>Massive.ttf</filename>
            <size>45</size>
        </font>
        <font>
            <name>fontContextMenu</name>
            <filename>Massive.ttf</filename>
            <size>27</size>
        </font>
        <!-- Title Fonts -->
        <font>
            <name>font10_title</name>
            <filename>Massive.ttf</filename>
            <size>21</size>
        </font>
        <font>
            <name>font12_title</name>
            <filename>Massive.ttf</filename>
            <size>27</size>
        </font>
        <font>
            <name>font13_title</name>
            <filename>Massive.ttf</filename>
            <size>33</size>
        </font>
        <font>
            <name>font24_title</name>
            <filename>Massive.ttf</filename>
            <size>42</size>
        </font>
        <font>
            <name>font28_title</name>
            <filename>Massive.ttf</filename>
            <size>48</size>
        </font>
        <font>
            <name>font30_title</name>
            <filename>Massive.ttf</filename>
            <size>51</size>
        </font>
        <font>
            <name>font35_title</name>
            <filename>Massive.ttf</filename>
            <size>57</size>
        </font>
        <font>
            <name>font_MainMenu</name>
            <filename>Massive.ttf</filename>
            <size>66</size>
        </font>
		<font>
            <name>font_MainMenuUpper</name>
            <filename>Massive.ttf</filename>
            <size>66</size>
			<style>uppercase</style>
        </font>
        <font>
            <name>WeatherTemp</name>
            <filename>Massive.ttf</filename>
            <size>129</size>
        </font>
    </fontset>
    <fontset id="Ubuntu Normal" idloc="31270">
        <!-- Normal Fonts -->
        <font>
            <name>font10</name>
            <filename>Ubuntu-M.ttf</filename>
            <size>18</size>
        </font>
        <font>
            <name>font12</name>
            <filename>Ubuntu-M.ttf</filename>
            <size>26</size>
        </font>
        <font>
            <name>font13</name>
            <filename>Ubuntu-M.ttf</filename>
            <size>30</size>
        </font>
        <font>
            <name>font14</name>
            <filename>Ubuntu-M.ttf</filename>
            <size>33</size>
        </font>
        <font>
            <name>font16</name>
            <filename>Ubuntu-M.ttf</filename>
            <size>38</size>
        </font>
        <font>
            <name>font30</name>
            <filename>Ubuntu-M.ttf</filename>
            <size>45</size>
        </font>
        <font>
            <name>fontContextMenu</name>
            <filename>Ubuntu-M.ttf</filename>
            <size>27</size>
        </font>
        <!-- Title Fonts -->
        <font>
            <name>font10_title</name>
            <filename>Ubuntu-M.ttf</filename>
            <size>21</size>
        </font>
        <font>
            <name>font12_title</name>
            <filename>Ubuntu-M.ttf</filename>
            <size>27</size>
        </font>
        <font>
            <name>font13_title</name>
            <filename>Ubuntu-M.ttf</filename>
            <size>33</size>
        </font>
        <font>
            <name>font24_title</name>
            <filename>Ubuntu-M.ttf</filename>
            <size>42</size>
        </font>
        <font>
            <name>font28_title</name>
            <filename>Ubuntu-M.ttf</filename>
            <size>48</size>
        </font>
        <font>
            <name>font30_title</name>
            <filename>Ubuntu-M.ttf</filename>
            <size>51</size>
        </font>
        <font>
            <name>font35_title</name>
            <filename>Ubuntu-M.ttf</filename>
            <size>57</size>
        </font>
        <font>
            <name>font_MainMenu</name>
            <filename>Ubuntu-M.ttf</filename>
            <size>60</size>
        </font>
		<font>
            <name>font_MainMenuUpper</name>
            <filename>Ubuntu-M.ttf</filename>
            <size>60</size>
			<style>uppercase</style>
        </font>
        <font>
            <name>WeatherTemp</name>
            <filename>Ubuntu-M.ttf</filename>
            <size>129</size>
        </font>
    </fontset>
    <fontset id="Ubuntu Bold" idloc="31271">
        <!-- Normal Fonts -->
        <font>
            <name>font10</name>
            <filename>Ubuntu-B.ttf</filename>
            <size>18</size>
        </font>
        <font>
            <name>font12</name>
            <filename>Ubuntu-B.ttf</filename>
            <size>26</size>
        </font>
        <font>
            <name>font13</name>
            <filename>Ubuntu-B.ttf</filename>
            <size>30</size>
        </font>
        <font>
            <name>font14</name>
            <filename>Ubuntu-B.ttf</filename>
            <size>33</size>
        </font>
        <font>
            <name>font16</name>
            <filename>Ubuntu-B.ttf</filename>
            <size>38</size>
        </font>
        <font>
            <name>font30</name>
            <filename>Ubuntu-B.ttf</filename>
            <size>45</size>
        </font>
        <font>
            <name>fontContextMenu</name>
            <filename>Ubuntu-B.ttf</filename>
            <size>27</size>
        </font>
        <!-- Title Fonts -->
        <font>
            <name>font10_title</name>
            <filename>Ubuntu-B.ttf</filename>
            <size>21</size>
        </font>
        <font>
            <name>font12_title</name>
            <filename>Ubuntu-B.ttf</filename>
            <size>27</size>
        </font>
        <font>
            <name>font13_title</name>
            <filename>Ubuntu-B.ttf</filename>
            <size>33</size>
        </font>
        <font>
            <name>font24_title</name>
            <filename>Ubuntu-B.ttf</filename>
            <size>42</size>
        </font>
        <font>
            <name>font28_title</name>
            <filename>Ubuntu-B.ttf</filename>
            <size>48</size>
        </font>
        <font>
            <name>font30_title</name>
            <filename>Ubuntu-B.ttf</filename>
            <size>51</size>
        </font>
        <font>
            <name>font35_title</name>
            <filename>Ubuntu-B.ttf</filename>
            <size>57</size>
        </font>
        <font>
            <name>font_MainMenu</name>
            <filename>Ubuntu-B.ttf</filename>
            <size>60</size>
        </font>
		<font>
            <name>font_MainMenuUpper</name>
            <filename>Ubuntu-B.ttf</filename>
            <size>60</size>
			<style>uppercase</style>
        </font>
        <font>
            <name>WeatherTemp</name>
            <filename>Ubuntu-B.ttf</filename>
            <size>129</size>
        </font>
    </fontset>
</fonts>