<?xml version="1.0" encoding="UTF-8"?>
<window>
    <allowoverlay>yes</allowoverlay>
    <coordinates>
        <left>0</left>
        <top>0</top>
    </coordinates>
    <controls>
        <!-- Core CU LRC group: required lists and labels -->
        <control type="group">
            <!-- Hidden list that CU LRC fills with lyric lines -->
            <control type="list" id="110">
                <visible>false</visible>
                <left>45</left>
                <top>90</top>
                <width>930</width>
                <height>525</height>
                <onleft>111</onleft>
                <onright>111</onright>
                <onup>110</onup>
                <ondown>110</ondown>
                <pagecontrol>111</pagecontrol>
                <scrolltime>200</scrolltime>
                <itemlayout height="38">
                    <control type="label">
                        <left>0</left>
                        <top>0</top>
                        <width>930</width>
                        <height>38</height>
                        <font>font13</font>
                        <aligny>center</aligny>
                        <align>center</align>
                        <selectedcolor>selected</selectedcolor>
                        <label>$INFO[ListItem.Label]</label>
                    </control>
                </itemlayout>
                <focusedlayout height="38">
                    <control type="label">
                        <left>0</left>
                        <top>0</top>
                        <width>930</width>
                        <height>38</height>
                        <font>font13</font>
                        <aligny>center</aligny>
                        <align>center</align>
                        <shadowcolor>black</shadowcolor>
                        <textcolor>selected</textcolor>
                        <label>$INFO[ListItem.Label]</label>
                        <visible>Control.HasFocus(110)</visible>
                    </control>
                </focusedlayout>
            </control>

            <!-- Pager for list 110 (only visible if you ever show list 110) -->
            <control type="label">
                <left>540</left>
                <top>630</top>
                <width>300</width>
                <height>30</height>
                <font>font12</font>
                <aligny>center</aligny>
                <align>right</align>
                <textcolor>grey2</textcolor>
                <label>$INFO[Container(110).CurrentPage, ( $LOCALIZE[31024] ]$INFO[Container(110).NumPages,/, )]</label>
                <visible>Control.IsVisible(111)</visible>
            </control>
            <control type="spincontrol" id="111">
                <description>Next page button</description>
                <left>855</left>
                <top>630</top>
                <subtype>page</subtype>
                <font></font>
                <onleft>110</onleft>
                <onright>110</onright>
                <ondown>110</ondown>
                <onup>110</onup>
                <showonepage>true</showonepage>
                <visible>Control.IsVisible(110)</visible>
            </control>

            <!-- Legacy chooser list (no longer used by CU LRC, keep hidden) -->
            <control type="list" id="120">
                <visible>false</visible>
                <left>45</left>
                <top>90</top>
                <width>930</width>
                <height>540</height>
                <onleft>121</onleft>
                <onright>121</onright>
                <onup>120</onup>
                <ondown>120</ondown>
                <pagecontrol>121</pagecontrol>
                <scrolltime>200</scrolltime>
            </control>

            <!-- Pager for 120 (hidden) -->
            <control type="label">
                <left>540</left>
                <top>630</top>
                <width>300</width>
                <height>30</height>
                <font>font12</font>
                <aligny>center</aligny>
                <align>right</align>
                <textcolor>grey2</textcolor>
                <label>$INFO[Container(120).CurrentPage, ( $LOCALIZE[31024] ]$INFO[Container(120).NumPages,/, )]</label>
                <visible>false</visible>
            </control>
            <control type="spincontrol" id="121">
                <description>Next page button</description>
                <left>855</left>
                <top>630</top>
                <subtype>page</subtype>
                <font></font>
                <onleft>120</onleft>
                <onright>120</onright>
                <ondown>120</ondown>
                <onup>120</onup>
                <showonepage>true</showonepage>
                <visible>false</visible>
            </control>
            <control type="label" id="200">
                <visible>false</visible>
            </control>
        </control>

        <!-- Aeon Nox VideoLyrics mod -->
        <include>VideoLyrics</include>
    </controls>
</window>
